v -0.150000 -0.480000 0.300000
v -0.126010 -0.481109 0.300000
v -0.126419 -0.481109 0.304408
v -0.127630 -0.481109 0.308666
v -0.129603 -0.481109 0.312629
v -0.132271 -0.481109 0.316162
v -0.135543 -0.481109 0.319144
v -0.139307 -0.481109 0.321475
v -0.143435 -0.481109 0.323074
v -0.147787 -0.481109 0.323887
v -0.152213 -0.481109 0.323887
v -0.156565 -0.481109 0.323074
v -0.160693 -0.481109 0.321475
v -0.164457 -0.481109 0.319144
v -0.167729 -0.481109 0.316162
v -0.170397 -0.481109 0.312629
v -0.172370 -0.481109 0.308666
v -0.173581 -0.481109 0.304408
v -0.173990 -0.481109 0.300000
v -0.173581 -0.481109 0.295592
v -0.172370 -0.481109 0.291334
v -0.170397 -0.481109 0.287371
v -0.167729 -0.481109 0.283838
v -0.164457 -0.481109 0.280856
v -0.160693 -0.481109 0.278525
v -0.156565 -0.481109 0.276926
v -0.152213 -0.481109 0.276113
v -0.147786 -0.481109 0.276113
v -0.143435 -0.481109 0.276926
v -0.139307 -0.481109 0.278525
v -0.135543 -0.481109 0.280856
v -0.132271 -0.481109 0.283838
v -0.129603 -0.481109 0.287371
v -0.127630 -0.481109 0.291334
v -0.126419 -0.481109 0.295592
v -0.126010 -0.481109 0.300000
v -0.102225 -0.484427 0.300000
v -0.103039 -0.484427 0.308779
v -0.105451 -0.484427 0.317258
v -0.109381 -0.484427 0.325150
v -0.114694 -0.484427 0.332186
v -0.121209 -0.484427 0.338125
v -0.128705 -0.484427 0.342766
v -0.136926 -0.484427 0.345951
v -0.145592 -0.484427 0.347571
v -0.154408 -0.484427 0.347571
v -0.163074 -0.484427 0.345951
v -0.171295 -0.484427 0.342766
v -0.178791 -0.484427 0.338125
v -0.185306 -0.484427 0.332186
v -0.190619 -0.484427 0.325150
v -0.194549 -0.484427 0.317258
v -0.196961 -0.484427 0.308779
v -0.197775 -0.484427 0.300000
v -0.196961 -0.484427 0.291221
v -0.194549 -0.484427 0.282742
v -0.190619 -0.484427 0.274850
v -0.185306 -0.484427 0.267814
v -0.178791 -0.484427 0.261875
v -0.171295 -0.484427 0.257234
v -0.163074 -0.484427 0.254049
v -0.154408 -0.484427 0.252429
v -0.145592 -0.484427 0.252429
v -0.136926 -0.484427 0.254049
v -0.128705 -0.484427 0.257234
v -0.121209 -0.484427 0.261875
v -0.114694 -0.484427 0.267814
v -0.109381 -0.484427 0.274850
v -0.105451 -0.484427 0.282742
v -0.103039 -0.484427 0.291221
v -0.102225 -0.484427 0.300000
v -0.078848 -0.489925 0.300000
v -0.080059 -0.489925 0.313074
v -0.083652 -0.489925 0.325703
v -0.089505 -0.489925 0.337457
v -0.097418 -0.489925 0.347935
v -0.107121 -0.489925 0.356781
v -0.118285 -0.489925 0.363693
v -0.130528 -0.489925 0.368436
v -0.143435 -0.489925 0.370849
v -0.156565 -0.489925 0.370849
v -0.169472 -0.489925 0.368436
v -0.181715 -0.489925 0.363693
v -0.192879 -0.489925 0.356781
v -0.202582 -0.489925 0.347935
v -0.210495 -0.489925 0.337457
v -0.216348 -0.489925 0.325703
v -0.219941 -0.489925 0.313074
v -0.221152 -0.489925 0.300000
v -0.219941 -0.489925 0.286926
v -0.216348 -0.489925 0.274297
v -0.210495 -0.489925 0.262543
v -0.202582 -0.489925 0.252065
v -0.192879 -0.489925 0.243219
v -0.181715 -0.489925 0.236307
v -0.169472 -0.489925 0.231564
v -0.156565 -0.489925 0.229151
v -0.143435 -0.489925 0.229151
v -0.130528 -0.489925 0.231564
v -0.118285 -0.489925 0.236307
v -0.107121 -0.489925 0.243219
v -0.097418 -0.489925 0.252065
v -0.089505 -0.489925 0.262543
v -0.083652 -0.489925 0.274297
v -0.080059 -0.489925 0.286926
v -0.078848 -0.489925 0.300000
v -0.056077 -0.497557 0.300000
v -0.057676 -0.497557 0.317258
v -0.062420 -0.497557 0.333929
v -0.070145 -0.497557 0.349444
v -0.080590 -0.497557 0.363275
v -0.093399 -0.497557 0.374952
v -0.108135 -0.497557 0.384076
v -0.124297 -0.497557 0.390337
v -0.141334 -0.497557 0.393522
v -0.158666 -0.497557 0.393522
v -0.175703 -0.497557 0.390337
v -0.191865 -0.497557 0.384076
v -0.206601 -0.497557 0.374952
v -0.219410 -0.497557 0.363275
v -0.229855 -0.497557 0.349444
v -0.237580 -0.497557 0.333929
v -0.242324 -0.497557 0.317258
v -0.243923 -0.497557 0.300000
v -0.242324 -0.497557 0.282742
v -0.237580 -0.497557 0.266071
v -0.229855 -0.497557 0.250556
v -0.219410 -0.497557 0.236725
v -0.206601 -0.497557 0.225048
v -0.191865 -0.497557 0.215924
v -0.175703 -0.497557 0.209663
v -0.158666 -0.497557 0.206478
v -0.141334 -0.497557 0.206478
v -0.124297 -0.497557 0.209663
v -0.108135 -0.497557 0.215924
v -0.093399 -0.497557 0.225048
v -0.080590 -0.497557 0.236725
v -0.070145 -0.497557 0.250556
v -0.062420 -0.497557 0.266071
v -0.057676 -0.497557 0.282742
v -0.056077 -0.497557 0.300000
v -0.034108 -0.507258 0.300000
v -0.036081 -0.507258 0.321295
v -0.041934 -0.507258 0.341865
v -0.051467 -0.507258 0.361009
v -0.064355 -0.507258 0.378076
v -0.080159 -0.507258 0.392484
v -0.098343 -0.507258 0.403742
v -0.118285 -0.507258 0.411468
v -0.139307 -0.507258 0.415398
v -0.160693 -0.507258 0.415398
v -0.181715 -0.507258 0.411468
v -0.201658 -0.507258 0.403742
v -0.219841 -0.507258 0.392484
v -0.235645 -0.507258 0.378076
v -0.248533 -0.507258 0.361009
v -0.258066 -0.507258 0.341865
v -0.263919 -0.507258 0.321295
v -0.265892 -0.507258 0.300000
v -0.263919 -0.507258 0.278705
v -0.258066 -0.507258 0.258135
v -0.248533 -0.507258 0.238991
v -0.235645 -0.507258 0.221924
v -0.219840 -0.507258 0.207516
v -0.201658 -0.507258 0.196258
v -0.181715 -0.507258 0.188532
v -0.160693 -0.507258 0.184602
v -0.139307 -0.507258 0.184602
v -0.118285 -0.507258 0.188532
v -0.098342 -0.507258 0.196258
v -0.080159 -0.507258 0.207516
v -0.064355 -0.507258 0.221924
v -0.051467 -0.507258 0.238991
v -0.041934 -0.507258 0.258135
v -0.036081 -0.507258 0.278705
v -0.034108 -0.507258 0.300000
v -0.013128 -0.518944 0.300000
v -0.015458 -0.518944 0.325150
v -0.022370 -0.518944 0.349444
v -0.033629 -0.518944 0.372054
v -0.048850 -0.518944 0.392210
v -0.067516 -0.518944 0.409227
v -0.088991 -0.518944 0.422523
v -0.112543 -0.518944 0.431647
v -0.137371 -0.518944 0.436288
v -0.162629 -0.518944 0.436288
v -0.187457 -0.518944 0.431647
v -0.211009 -0.518944 0.422523
v -0.232484 -0.518944 0.409227
v -0.251150 -0.518944 0.392210
v -0.266371 -0.518944 0.372054
v -0.277630 -0.518944 0.349444
v -0.284542 -0.518944 0.325150
v -0.286872 -0.518944 0.300000
v -0.284542 -0.518944 0.274850
v -0.277630 -0.518944 0.250556
v -0.266371 -0.518944 0.227946
v -0.251150 -0.518944 0.207790
v -0.232484 -0.518944 0.190773
v -0.211009 -0.518944 0.177477
v -0.187457 -0.518944 0.168353
v -0.162629 -0.518944 0.163712
v -0.137371 -0.518944 0.163712
v -0.112543 -0.518944 0.168353
v -0.088991 -0.518944 0.177477
v -0.067516 -0.518944 0.190774
v -0.048850 -0.518944 0.207790
v -0.033629 -0.518944 0.227946
v -0.022370 -0.518944 0.250556
v -0.015458 -0.518944 0.274850
v -0.013128 -0.518944 0.300000
v 0.006685 -0.532516 0.300000
v 0.004017 -0.532516 0.328791
v -0.003896 -0.532516 0.356601
v -0.016784 -0.532516 0.382484
v -0.034208 -0.532516 0.405558
v -0.055576 -0.532516 0.425037
v -0.080159 -0.532516 0.440259
v -0.107121 -0.532516 0.450704
v -0.135543 -0.532516 0.456017
v -0.164457 -0.532516 0.456017
v -0.192879 -0.532516 0.450704
v -0.219841 -0.532516 0.440259
v -0.244424 -0.532516 0.425037
v -0.265792 -0.532516 0.405558
v -0.283216 -0.532516 0.382484
v -0.296104 -0.532516 0.356601
v -0.304017 -0.532516 0.328791
v -0.306685 -0.532516 0.300000
v -0.304017 -0.532516 0.271209
v -0.296104 -0.532516 0.243399
v -0.283216 -0.532516 0.217516
v -0.265792 -0.532516 0.194442
v -0.244424 -0.532516 0.174963
v -0.219841 -0.532516 0.159741
v -0.192879 -0.532516 0.149296
v -0.164457 -0.532516 0.143983
v -0.135543 -0.532516 0.143983
v -0.107121 -0.532516 0.149296
v -0.080159 -0.532516 0.159741
v -0.055576 -0.532516 0.174963
v -0.034208 -0.532516 0.194442
v -0.016784 -0.532516 0.217516
v -0.003896 -0.532516 0.243399
v 0.004017 -0.532516 0.271209
v 0.006685 -0.532516 0.300000
v 0.025161 -0.547858 0.300000
v 0.022178 -0.547858 0.332186
v 0.013333 -0.547858 0.363275
v -0.001075 -0.547858 0.392210
v -0.020555 -0.547858 0.418005
v -0.044442 -0.547858 0.439781
v -0.071924 -0.547858 0.456798
v -0.102065 -0.547858 0.468474
v -0.133838 -0.547858 0.474414
v -0.166162 -0.547858 0.474414
v -0.197935 -0.547858 0.468474
v -0.228076 -0.547858 0.456798
v -0.255558 -0.547858 0.439781
v -0.279445 -0.547858 0.418005
v -0.298925 -0.547858 0.392210
v -0.313333 -0.547858 0.363275
v -0.322178 -0.547858 0.332186
v -0.325161 -0.547858 0.300000
v -0.322178 -0.547858 0.267814
v -0.313333 -0.547858 0.236725
v -0.298925 -0.547858 0.207790
v -0.279445 -0.547858 0.181995
v -0.255558 -0.547858 0.160219
v -0.228076 -0.547858 0.143202
v -0.197935 -0.547858 0.131526
v -0.166162 -0.547858 0.125586
v -0.133838 -0.547858 0.125586
v -0.102065 -0.547858 0.131526
v -0.071924 -0.547858 0.143202
v -0.044442 -0.547858 0.160219
v -0.020555 -0.547858 0.181995
v -0.001075 -0.547858 0.207790
v 0.013333 -0.547858 0.236725
v 0.022178 -0.547858 0.267814
v 0.025161 -0.547858 0.300000
v 0.042142 -0.564839 0.300000
v 0.038871 -0.564839 0.335306
v 0.029167 -0.564839 0.369410
v 0.013363 -0.564839 0.401150
v -0.008005 -0.564839 0.429445
v -0.034208 -0.564839 0.453333
v -0.064355 -0.564839 0.471999
v -0.097418 -0.564839 0.484807
v -0.132271 -0.564839 0.491323
v -0.167729 -0.564839 0.491323
v -0.202582 -0.564839 0.484807
v -0.235645 -0.564839 0.471999
v -0.265792 -0.564839 0.453333
v -0.291995 -0.564839 0.429445
v -0.313363 -0.564839 0.401150
v -0.329167 -0.564839 0.369410
v -0.338871 -0.564839 0.335306
v -0.342142 -0.564839 0.300000
v -0.338871 -0.564839 0.264694
v -0.329167 -0.564839 0.230590
v -0.313363 -0.564839 0.198850
v -0.291995 -0.564839 0.170555
v -0.265792 -0.564839 0.146667
v -0.235645 -0.564839 0.128001
v -0.202582 -0.564839 0.115193
v -0.167729 -0.564839 0.108677
v -0.132271 -0.564839 0.108677
v -0.097418 -0.564839 0.115193
v -0.064355 -0.564839 0.128001
v -0.034208 -0.564839 0.146667
v -0.008005 -0.564839 0.170555
v 0.013363 -0.564839 0.198850
v 0.029167 -0.564839 0.230590
v 0.038871 -0.564839 0.264694
v 0.042142 -0.564839 0.300000
v 0.057484 -0.583315 0.300000
v 0.053952 -0.583315 0.338125
v 0.043474 -0.583315 0.374952
v 0.026407 -0.583315 0.409227
v 0.003333 -0.583315 0.439781
v -0.024963 -0.583315 0.465576
v -0.057516 -0.583315 0.485732
v -0.093219 -0.583315 0.499564
v -0.130856 -0.583315 0.506599
v -0.169144 -0.583315 0.506599
v -0.206781 -0.583315 0.499564
v -0.242484 -0.583315 0.485732
v -0.275037 -0.583315 0.465576
v -0.303333 -0.583315 0.439781
v -0.326407 -0.583315 0.409226
v -0.343474 -0.583315 0.374952
v -0.353952 -0.583315 0.338125
v -0.357484 -0.583315 0.300000
v -0.353952 -0.583315 0.261875
v -0.343474 -0.583315 0.225048
v -0.326407 -0.583315 0.190773
v -0.303333 -0.583315 0.160219
v -0.275037 -0.583315 0.134424
v -0.242484 -0.583315 0.114268
v -0.206781 -0.583315 0.100436
v -0.169144 -0.583315 0.093401
v -0.130856 -0.583315 0.093401
v -0.093219 -0.583315 0.100436
v -0.057516 -0.583315 0.114268
v -0.024963 -0.583315 0.134424
v 0.003333 -0.583315 0.160219
v 0.026407 -0.583315 0.190773
v 0.043474 -0.583315 0.225048
v 0.053952 -0.583315 0.261875
v 0.057484 -0.583315 0.300000
v 0.071056 -0.603128 0.300000
v 0.067293 -0.603128 0.340619
v 0.056129 -0.603128 0.379855
v 0.037946 -0.603128 0.416371
v 0.013363 -0.603128 0.448925
v -0.016784 -0.603128 0.476407
v -0.051467 -0.603128 0.497882
v -0.089505 -0.603128 0.512618
v -0.129603 -0.603128 0.520113
v -0.170397 -0.603128 0.520113
v -0.210495 -0.603128 0.512618
v -0.248533 -0.603128 0.497882
v -0.283216 -0.603128 0.476407
v -0.313363 -0.603128 0.448925
v -0.337946 -0.603128 0.416371
v -0.356129 -0.603128 0.379855
v -0.367293 -0.603128 0.340619
v -0.371056 -0.603128 0.300000
v -0.367293 -0.603128 0.259381
v -0.356129 -0.603128 0.220145
v -0.337946 -0.603128 0.183629
v -0.313363 -0.603128 0.151075
v -0.283216 -0.603128 0.123593
v -0.248533 -0.603128 0.102118
v -0.210495 -0.603128 0.087382
v -0.170396 -0.603128 0.079887
v -0.129603 -0.603128 0.079887
v -0.089505 -0.603128 0.087382
v -0.051467 -0.603128 0.102118
v -0.016784 -0.603128 0.123593
v 0.013363 -0.603128 0.151075
v 0.037946 -0.603128 0.183629
v 0.056129 -0.603128 0.220145
v 0.067293 -0.603128 0.259381
v 0.071056 -0.603128 0.300000
v 0.082742 -0.624108 0.300000
v 0.078780 -0.624108 0.342766
v 0.067026 -0.624108 0.384076
v 0.047882 -0.624108 0.422523
v 0.021999 -0.624108 0.456798
v -0.009741 -0.624108 0.485732
v -0.046258 -0.624108 0.508343
v -0.086307 -0.624108 0.523858
v -0.128525 -0.624108 0.531750
v -0.171475 -0.624108 0.531750
v -0.213693 -0.624108 0.523858
v -0.253742 -0.624108 0.508343
v -0.290259 -0.624108 0.485732
v -0.321999 -0.624108 0.456798
v -0.347882 -0.624108 0.422523
v -0.367026 -0.624108 0.384076
v -0.378780 -0.624108 0.342766
v -0.382742 -0.624108 0.300000
v -0.378780 -0.624108 0.257234
v -0.367026 -0.624108 0.215924
v -0.347882 -0.624108 0.177477
v -0.321999 -0.624108 0.143202
v -0.290259 -0.624108 0.114267
v -0.253742 -0.624108 0.091658
v -0.213693 -0.624108 0.076142
v -0.171475 -0.624108 0.068250
v -0.128525 -0.624108 0.068250
v -0.086307 -0.624108 0.076142
v -0.046258 -0.624108 0.091658
v -0.009741 -0.624108 0.114268
v 0.021999 -0.624108 0.143202
v 0.047882 -0.624108 0.177477
v 0.067026 -0.624108 0.215924
v 0.078780 -0.624108 0.257234
v 0.082742 -0.624108 0.300000
v 0.092443 -0.646077 0.300000
v 0.088315 -0.646077 0.344549
v 0.076071 -0.646077 0.387580
v 0.056129 -0.646077 0.427630
v 0.029167 -0.646077 0.463333
v -0.003896 -0.646077 0.493474
v -0.041934 -0.646077 0.517026
v -0.083652 -0.646077 0.533188
v -0.127630 -0.646077 0.541409
v -0.172370 -0.646077 0.541409
v -0.216348 -0.646077 0.533188
v -0.258066 -0.646077 0.517026
v -0.296104 -0.646077 0.493474
v -0.329167 -0.646077 0.463333
v -0.356129 -0.646077 0.427630
v -0.376071 -0.646077 0.387580
v -0.388315 -0.646077 0.344549
v -0.392443 -0.646077 0.300000
v -0.388315 -0.646077 0.255451
v -0.376071 -0.646077 0.212420
v -0.356129 -0.646077 0.172370
v -0.329167 -0.646077 0.136667
v -0.296104 -0.646077 0.106526
v -0.258066 -0.646077 0.082974
v -0.216348 -0.646077 0.066812
v -0.172370 -0.646077 0.058591
v -0.127630 -0.646077 0.058591
v -0.083652 -0.646077 0.066812
v -0.041934 -0.646077 0.082974
v -0.003896 -0.646077 0.106527
v 0.029167 -0.646077 0.136667
v 0.056129 -0.646077 0.172370
v 0.076071 -0.646077 0.212420
v 0.088315 -0.646077 0.255451
v 0.092443 -0.646077 0.300000
v 0.100075 -0.668848 0.300000
v 0.095817 -0.668848 0.345951
v 0.083188 -0.668848 0.390337
v 0.062618 -0.668848 0.431647
v 0.034807 -0.668848 0.468474
v 0.000704 -0.668848 0.499564
v -0.038532 -0.668848 0.523858
v -0.081564 -0.668848 0.540528
v -0.126926 -0.668848 0.549008
v -0.173074 -0.668848 0.549008
v -0.218436 -0.668848 0.540528
v -0.261468 -0.668848 0.523858
v -0.300704 -0.668848 0.499564
v -0.334807 -0.668848 0.468474
v -0.362618 -0.668848 0.431647
v -0.383188 -0.668848 0.390337
v -0.395817 -0.668848 0.345951
v -0.400075 -0.668848 0.300000
v -0.395817 -0.668848 0.254049
v -0.383188 -0.668848 0.209663
v -0.362618 -0.668848 0.168353
v -0.334807 -0.668848 0.131526
v -0.300704 -0.668848 0.100436
v -0.261468 -0.668848 0.076142
v -0.218436 -0.668848 0.059472
v -0.173074 -0.668848 0.050992
v -0.126926 -0.668848 0.050992
v -0.081564 -0.668848 0.059472
v -0.038532 -0.668848 0.076142
v 0.000704 -0.668848 0.100436
v 0.034807 -0.668848 0.131526
v 0.062618 -0.668848 0.168353
v 0.083188 -0.668848 0.209663
v 0.095817 -0.668848 0.254049
v 0.100075 -0.668848 0.300000
v 0.105573 -0.692225 0.300000
v 0.101221 -0.692225 0.346961
v 0.088315 -0.692225 0.392324
v 0.067293 -0.692225 0.434542
v 0.038871 -0.692225 0.472178
v 0.004017 -0.692225 0.503952
v -0.036081 -0.692225 0.528780
v -0.080059 -0.692225 0.545817
v -0.126419 -0.692225 0.554483
v -0.173581 -0.692225 0.554483
v -0.219941 -0.692225 0.545817
v -0.263919 -0.692225 0.528780
v -0.304017 -0.692225 0.503952
v -0.338871 -0.692225 0.472178
v -0.367293 -0.692225 0.434542
v -0.388315 -0.692225 0.392324
v -0.401221 -0.692225 0.346961
v -0.405573 -0.692225 0.300000
v -0.401221 -0.692225 0.253039
v -0.388315 -0.692225 0.207676
v -0.367293 -0.692225 0.165458
v -0.338871 -0.692225 0.127822
v -0.304017 -0.692225 0.096048
v -0.263919 -0.692225 0.071220
v -0.219941 -0.692225 0.054183
v -0.173581 -0.692225 0.045517
v -0.126419 -0.692225 0.045517
v -0.080059 -0.692225 0.054183
v -0.036081 -0.692225 0.071221
v 0.004017 -0.692225 0.096048
v 0.038871 -0.692225 0.127822
v 0.067293 -0.692225 0.165458
v 0.088315 -0.692225 0.207676
v 0.101221 -0.692225 0.253039
v 0.105573 -0.692225 0.300000
v 0.108891 -0.716010 0.300000
v 0.104483 -0.716010 0.347571
v 0.091409 -0.716010 0.393522
v 0.070113 -0.716010 0.436288
v 0.041323 -0.716010 0.474414
v 0.006017 -0.716010 0.506599
v -0.034602 -0.716010 0.531750
v -0.079151 -0.716010 0.549008
v -0.126113 -0.716010 0.557786
v -0.173887 -0.716010 0.557786
v -0.220849 -0.716010 0.549008
v -0.265398 -0.716010 0.531750
v -0.306017 -0.716010 0.506599
v -0.341323 -0.716010 0.474414
v -0.370113 -0.716010 0.436288
v -0.391409 -0.716010 0.393522
v -0.404483 -0.716010 0.347571
v -0.408891 -0.716010 0.300000
v -0.404483 -0.716010 0.252429
v -0.391409 -0.716010 0.206478
v -0.370113 -0.716010 0.163712
v -0.341323 -0.716010 0.125586
v -0.306017 -0.716010 0.093401
v -0.265398 -0.716010 0.068250
v -0.220849 -0.716010 0.050992
v -0.173887 -0.716010 0.042214
v -0.126112 -0.716010 0.042214
v -0.079151 -0.716010 0.050992
v -0.034602 -0.716010 0.068250
v 0.006017 -0.716010 0.093401
v 0.041323 -0.716010 0.125586
v 0.070113 -0.716010 0.163712
v 0.091409 -0.716010 0.206478
v 0.104483 -0.716010 0.252429
v 0.108891 -0.716010 0.300000
v 0.110000 -0.740000 0.300000
v 0.105573 -0.740000 0.347775
v 0.092443 -0.740000 0.393923
v 0.071056 -0.740000 0.436872
v 0.042142 -0.740000 0.475161
v 0.006685 -0.740000 0.507484
v -0.034108 -0.740000 0.532742
v -0.078848 -0.740000 0.550075
v -0.126010 -0.740000 0.558891
v -0.173990 -0.740000 0.558891
v -0.221152 -0.740000 0.550075
v -0.265892 -0.740000 0.532742
v -0.306685 -0.740000 0.507484
v -0.342142 -0.740000 0.475161
v -0.371056 -0.740000 0.436872
v -0.392443 -0.740000 0.393923
v -0.405573 -0.740000 0.347775
v -0.410000 -0.740000 0.300000
v -0.405573 -0.740000 0.252225
v -0.392443 -0.740000 0.206077
v -0.371056 -0.740000 0.163128
v -0.342142 -0.740000 0.124839
v -0.306685 -0.740000 0.092515
v -0.265892 -0.740000 0.067258
v -0.221152 -0.740000 0.049925
v -0.173990 -0.740000 0.041109
v -0.126010 -0.740000 0.041109
v -0.078848 -0.740000 0.049925
v -0.034108 -0.740000 0.067258
v 0.006685 -0.740000 0.092516
v 0.042142 -0.740000 0.124839
v 0.071056 -0.740000 0.163128
v 0.092443 -0.740000 0.206077
v 0.105573 -0.740000 0.252225
v 0.110000 -0.740000 0.300000
v 0.108891 -0.763990 0.300000
v 0.104483 -0.763990 0.347571
v 0.091409 -0.763990 0.393522
v 0.070113 -0.763990 0.436288
v 0.041323 -0.763990 0.474414
v 0.006017 -0.763990 0.506599
v -0.034602 -0.763990 0.531750
v -0.079151 -0.763990 0.549008
v -0.126113 -0.763990 0.557786
v -0.173887 -0.763990 0.557786
v -0.220849 -0.763990 0.549008
v -0.265398 -0.763990 0.531750
v -0.306017 -0.763990 0.506599
v -0.341323 -0.763990 0.474414
v -0.370113 -0.763990 0.436288
v -0.391409 -0.763990 0.393522
v -0.404483 -0.763990 0.347571
v -0.408891 -0.763990 0.300000
v -0.404483 -0.763990 0.252429
v -0.391409 -0.763990 0.206478
v -0.370113 -0.763990 0.163712
v -0.341323 -0.763990 0.125586
v -0.306017 -0.763990 0.093401
v -0.265398 -0.763990 0.068250
v -0.220849 -0.763990 0.050992
v -0.173887 -0.763990 0.042214
v -0.126112 -0.763990 0.042214
v -0.079151 -0.763990 0.050992
v -0.034602 -0.763990 0.068250
v 0.006017 -0.763990 0.093401
v 0.041323 -0.763990 0.125586
v 0.070113 -0.763990 0.163712
v 0.091409 -0.763990 0.206478
v 0.104483 -0.763990 0.252429
v 0.108891 -0.763990 0.300000
v 0.105573 -0.787775 0.300000
v 0.101221 -0.787775 0.346961
v 0.088315 -0.787775 0.392324
v 0.067293 -0.787775 0.434542
v 0.038871 -0.787775 0.472178
v 0.004017 -0.787775 0.503952
v -0.036081 -0.787775 0.528780
v -0.080059 -0.787775 0.545817
v -0.126419 -0.787775 0.554483
v -0.173581 -0.787775 0.554483
v -0.219941 -0.787775 0.545817
v -0.263919 -0.787775 0.528780
v -0.304017 -0.787775 0.503952
v -0.338871 -0.787775 0.472178
v -0.367293 -0.787775 0.434542
v -0.388315 -0.787775 0.392324
v -0.401221 -0.787775 0.346961
v -0.405573 -0.787775 0.300000
v -0.401221 -0.787775 0.253039
v -0.388315 -0.787775 0.207676
v -0.367293 -0.787775 0.165458
v -0.338871 -0.787775 0.127822
v -0.304017 -0.787775 0.096048
v -0.263919 -0.787775 0.071220
v -0.219941 -0.787775 0.054183
v -0.173581 -0.787775 0.045517
v -0.126419 -0.787775 0.045517
v -0.080059 -0.787775 0.054183
v -0.036081 -0.787775 0.071221
v 0.004017 -0.787775 0.096048
v 0.038871 -0.787775 0.127822
v 0.067293 -0.787775 0.165458
v 0.088315 -0.787775 0.207676
v 0.101221 -0.787775 0.253039
v 0.105573 -0.787775 0.300000
v 0.100075 -0.811152 0.300000
v 0.095817 -0.811152 0.345951
v 0.083188 -0.811152 0.390337
v 0.062618 -0.811152 0.431647
v 0.034807 -0.811152 0.468474
v 0.000704 -0.811152 0.499564
v -0.038532 -0.811152 0.523858
v -0.081564 -0.811152 0.540528
v -0.126926 -0.811152 0.549008
v -0.173074 -0.811152 0.549008
v -0.218436 -0.811152 0.540528
v -0.261468 -0.811152 0.523858
v -0.300704 -0.811152 0.499564
v -0.334807 -0.811152 0.468474
v -0.362618 -0.811152 0.431647
v -0.383188 -0.811152 0.390337
v -0.395817 -0.811152 0.345951
v -0.400075 -0.811152 0.300000
v -0.395817 -0.811152 0.254049
v -0.383188 -0.811152 0.209663
v -0.362618 -0.811152 0.168353
v -0.334807 -0.811152 0.131526
v -0.300704 -0.811152 0.100436
v -0.261468 -0.811152 0.076142
v -0.218436 -0.811152 0.059472
v -0.173074 -0.811152 0.050992
v -0.126926 -0.811152 0.050992
v -0.081564 -0.811152 0.059472
v -0.038532 -0.811152 0.076142
v 0.000704 -0.811152 0.100436
v 0.034807 -0.811152 0.131526
v 0.062618 -0.811152 0.168353
v 0.083188 -0.811152 0.209663
v 0.095817 -0.811152 0.254049
v 0.100075 -0.811152 0.300000
v 0.092443 -0.833923 0.300000
v 0.088315 -0.833923 0.344549
v 0.076071 -0.833923 0.387580
v 0.056129 -0.833923 0.427630
v 0.029167 -0.833923 0.463333
v -0.003896 -0.833923 0.493474
v -0.041934 -0.833923 0.517026
v -0.083652 -0.833923 0.533188
v -0.127630 -0.833923 0.541409
v -0.172370 -0.833923 0.541409
v -0.216348 -0.833923 0.533188
v -0.258066 -0.833923 0.517026
v -0.296104 -0.833923 0.493474
v -0.329167 -0.833923 0.463333
v -0.356129 -0.833923 0.427630
v -0.376071 -0.833923 0.387580
v -0.388315 -0.833923 0.344549
v -0.392443 -0.833923 0.300000
v -0.388315 -0.833923 0.255451
v -0.376071 -0.833923 0.212420
v -0.356129 -0.833923 0.172370
v -0.329167 -0.833923 0.136667
v -0.296104 -0.833923 0.106526
v -0.258066 -0.833923 0.082974
v -0.216348 -0.833923 0.066812
v -0.172370 -0.833923 0.058591
v -0.127630 -0.833923 0.058591
v -0.083652 -0.833923 0.066812
v -0.041934 -0.833923 0.082974
v -0.003896 -0.833923 0.106527
v 0.029167 -0.833923 0.136667
v 0.056129 -0.833923 0.172370
v 0.076071 -0.833923 0.212420
v 0.088315 -0.833923 0.255451
v 0.092443 -0.833923 0.300000
v 0.082742 -0.855892 0.300000
v 0.078780 -0.855892 0.342766
v 0.067026 -0.855892 0.384076
v 0.047882 -0.855892 0.422523
v 0.021999 -0.855892 0.456798
v -0.009741 -0.855892 0.485732
v -0.046258 -0.855892 0.508343
v -0.086307 -0.855892 0.523858
v -0.128525 -0.855892 0.531750
v -0.171475 -0.855892 0.531750
v -0.213693 -0.855892 0.523858
v -0.253742 -0.855892 0.508343
v -0.290259 -0.855892 0.485732
v -0.321999 -0.855892 0.456798
v -0.347882 -0.855892 0.422523
v -0.367026 -0.855892 0.384076
v -0.378780 -0.855892 0.342766
v -0.382742 -0.855892 0.300000
v -0.378780 -0.855892 0.257234
v -0.367026 -0.855892 0.215924
v -0.347882 -0.855892 0.177477
v -0.321999 -0.855892 0.143202
v -0.290259 -0.855892 0.114267
v -0.253742 -0.855892 0.091658
v -0.213693 -0.855892 0.076142
v -0.171475 -0.855892 0.068250
v -0.128525 -0.855892 0.068250
v -0.086307 -0.855892 0.076142
v -0.046258 -0.855892 0.091658
v -0.009741 -0.855892 0.114268
v 0.021999 -0.855892 0.143202
v 0.047882 -0.855892 0.177477
v 0.067026 -0.855892 0.215924
v 0.078780 -0.855892 0.257234
v 0.082742 -0.855892 0.300000
v 0.071056 -0.876872 0.300000
v 0.067293 -0.876872 0.340619
v 0.056129 -0.876872 0.379855
v 0.037946 -0.876872 0.416371
v 0.013363 -0.876872 0.448925
v -0.016784 -0.876872 0.476407
v -0.051467 -0.876872 0.497882
v -0.089505 -0.876872 0.512618
v -0.129603 -0.876872 0.520113
v -0.170397 -0.876872 0.520113
v -0.210495 -0.876872 0.512618
v -0.248533 -0.876872 0.497882
v -0.283216 -0.876872 0.476407
v -0.313363 -0.876872 0.448925
v -0.337946 -0.876872 0.416371
v -0.356129 -0.876872 0.379855
v -0.367293 -0.876872 0.340619
v -0.371056 -0.876872 0.300000
v -0.367293 -0.876872 0.259381
v -0.356129 -0.876872 0.220145
v -0.337946 -0.876872 0.183629
v -0.313363 -0.876872 0.151075
v -0.283216 -0.876872 0.123593
v -0.248533 -0.876872 0.102118
v -0.210495 -0.876872 0.087382
v -0.170396 -0.876872 0.079887
v -0.129603 -0.876872 0.079887
v -0.089505 -0.876872 0.087382
v -0.051467 -0.876872 0.102118
v -0.016784 -0.876872 0.123593
v 0.013363 -0.876872 0.151075
v 0.037946 -0.876872 0.183629
v 0.056129 -0.876872 0.220145
v 0.067293 -0.876872 0.259381
v 0.071056 -0.876872 0.300000
v 0.057484 -0.896685 0.300000
v 0.053952 -0.896685 0.338125
v 0.043473 -0.896685 0.374952
v 0.026407 -0.896685 0.409227
v 0.003333 -0.896685 0.439781
v -0.024963 -0.896685 0.465576
v -0.057516 -0.896685 0.485732
v -0.093219 -0.896685 0.499564
v -0.130856 -0.896685 0.506599
v -0.169144 -0.896685 0.506599
v -0.206781 -0.896685 0.499564
v -0.242484 -0.896685 0.485732
v -0.275037 -0.896685 0.465576
v -0.303333 -0.896685 0.439781
v -0.326407 -0.896685 0.409226
v -0.343474 -0.896685 0.374952
v -0.353952 -0.896685 0.338125
v -0.357484 -0.896685 0.300000
v -0.353952 -0.896685 0.261875
v -0.343473 -0.896685 0.225048
v -0.326407 -0.896685 0.190773
v -0.303333 -0.896685 0.160219
v -0.275037 -0.896685 0.134424
v -0.242484 -0.896685 0.114268
v -0.206781 -0.896685 0.100436
v -0.169144 -0.896685 0.093401
v -0.130856 -0.896685 0.093401
v -0.093219 -0.896685 0.100436
v -0.057516 -0.896685 0.114268
v -0.024963 -0.896685 0.134424
v 0.003333 -0.896685 0.160219
v 0.026407 -0.896685 0.190773
v 0.043473 -0.896685 0.225048
v 0.053952 -0.896685 0.261875
v 0.057484 -0.896685 0.300000
v 0.042142 -0.915161 0.300000
v 0.038871 -0.915161 0.335306
v 0.029167 -0.915161 0.369410
v 0.013363 -0.915161 0.401150
v -0.008005 -0.915161 0.429445
v -0.034208 -0.915161 0.453333
v -0.064355 -0.915161 0.471999
v -0.097418 -0.915161 0.484807
v -0.132271 -0.915161 0.491323
v -0.167729 -0.915161 0.491323
v -0.202582 -0.915161 0.484807
v -0.235645 -0.915161 0.471999
v -0.265792 -0.915161 0.453333
v -0.291995 -0.915161 0.429445
v -0.313363 -0.915161 0.401150
v -0.329167 -0.915161 0.369410
v -0.338871 -0.915161 0.335306
v -0.342142 -0.915161 0.300000
v -0.338871 -0.915161 0.264694
v -0.329167 -0.915161 0.230590
v -0.313363 -0.915161 0.198850
v -0.291995 -0.915161 0.170555
v -0.265792 -0.915161 0.146667
v -0.235645 -0.915161 0.128001
v -0.202582 -0.915161 0.115193
v -0.167729 -0.915161 0.108677
v -0.132271 -0.915161 0.108677
v -0.097418 -0.915161 0.115193
v -0.064355 -0.915161 0.128001
v -0.034208 -0.915161 0.146667
v -0.008005 -0.915161 0.170555
v 0.013363 -0.915161 0.198850
v 0.029167 -0.915161 0.230590
v 0.038871 -0.915161 0.264694
v 0.042142 -0.915161 0.300000
v 0.025161 -0.932142 0.300000
v 0.022178 -0.932142 0.332186
v 0.013333 -0.932142 0.363275
v -0.001075 -0.932142 0.392210
v -0.020555 -0.932142 0.418005
v -0.044442 -0.932142 0.439781
v -0.071924 -0.932142 0.456798
v -0.102065 -0.932142 0.468474
v -0.133838 -0.932142 0.474414
v -0.166162 -0.932142 0.474414
v -0.197935 -0.932142 0.468474
v -0.228076 -0.932142 0.456798
v -0.255558 -0.932142 0.439781
v -0.279445 -0.932142 0.418005
v -0.298925 -0.932142 0.392210
v -0.313333 -0.932142 0.363275
v -0.322178 -0.932142 0.332186
v -0.325161 -0.932142 0.300000
v -0.322178 -0.932142 0.267814
v -0.313333 -0.932142 0.236725
v -0.298925 -0.932142 0.207790
v -0.279445 -0.932142 0.181995
v -0.255558 -0.932142 0.160219
v -0.228076 -0.932142 0.143202
v -0.197935 -0.932142 0.131526
v -0.166162 -0.932142 0.125586
v -0.133838 -0.932142 0.125586
v -0.102065 -0.932142 0.131526
v -0.071924 -0.932142 0.143203
v -0.044442 -0.932142 0.160219
v -0.020555 -0.932142 0.181995
v -0.001075 -0.932142 0.207790
v 0.013333 -0.932142 0.236725
v 0.022178 -0.932142 0.267814
v 0.025161 -0.932142 0.300000
v 0.006685 -0.947484 0.300000
v 0.004017 -0.947484 0.328791
v -0.003896 -0.947484 0.356601
v -0.016784 -0.947484 0.382484
v -0.034208 -0.947484 0.405558
v -0.055576 -0.947484 0.425037
v -0.080160 -0.947484 0.440259
v -0.107121 -0.947484 0.450704
v -0.135543 -0.947484 0.456017
v -0.164457 -0.947484 0.456017
v -0.192879 -0.947484 0.450704
v -0.219841 -0.947484 0.440259
v -0.244424 -0.947484 0.425037
v -0.265792 -0.947484 0.405558
v -0.283216 -0.947484 0.382484
v -0.296104 -0.947484 0.356601
v -0.304017 -0.947484 0.328791
v -0.306685 -0.947484 0.300000
v -0.304017 -0.947484 0.271209
v -0.296104 -0.947484 0.243399
v -0.283216 -0.947484 0.217516
v -0.265792 -0.947484 0.194442
v -0.244424 -0.947484 0.174963
v -0.219840 -0.947484 0.159741
v -0.192879 -0.947484 0.149296
v -0.164457 -0.947484 0.143983
v -0.135543 -0.947484 0.143983
v -0.107121 -0.947484 0.149296
v -0.080159 -0.947484 0.159741
v -0.055576 -0.947484 0.174963
v -0.034208 -0.947484 0.194442
v -0.016784 -0.947484 0.217516
v -0.003896 -0.947484 0.243399
v 0.004017 -0.947484 0.271209
v 0.006685 -0.947484 0.300000
v -0.013128 -0.961056 0.300000
v -0.015458 -0.961056 0.325150
v -0.022370 -0.961056 0.349444
v -0.033629 -0.961056 0.372054
v -0.048850 -0.961056 0.392210
v -0.067516 -0.961056 0.409226
v -0.088991 -0.961056 0.422523
v -0.112543 -0.961056 0.431647
v -0.137371 -0.961056 0.436288
v -0.162629 -0.961056 0.436288
v -0.187457 -0.961056 0.431647
v -0.211009 -0.961056 0.422523
v -0.232484 -0.961056 0.409226
v -0.251150 -0.961056 0.392210
v -0.266371 -0.961056 0.372054
v -0.277630 -0.961056 0.349444
v -0.284542 -0.961056 0.325150
v -0.286872 -0.961056 0.300000
v -0.284542 -0.961056 0.274850
v -0.277630 -0.961056 0.250556
v -0.266371 -0.961056 0.227946
v -0.251150 -0.961056 0.207790
v -0.232484 -0.961056 0.190774
v -0.211009 -0.961056 0.177477
v -0.187457 -0.961056 0.168353
v -0.162629 -0.961056 0.163712
v -0.137371 -0.961056 0.163712
v -0.112543 -0.961056 0.168353
v -0.088991 -0.961056 0.177477
v -0.067516 -0.961056 0.190774
v -0.048850 -0.961056 0.207790
v -0.033629 -0.961056 0.227946
v -0.022370 -0.961056 0.250556
v -0.015458 -0.961056 0.274850
v -0.013128 -0.961056 0.300000
v -0.034108 -0.972742 0.300000
v -0.036081 -0.972742 0.321295
v -0.041934 -0.972742 0.341865
v -0.051467 -0.972742 0.361009
v -0.064355 -0.972742 0.378076
v -0.080160 -0.972742 0.392484
v -0.098343 -0.972742 0.403742
v -0.118285 -0.972742 0.411468
v -0.139307 -0.972742 0.415398
v -0.160693 -0.972742 0.415398
v -0.181715 -0.972742 0.411468
v -0.201658 -0.972742 0.403742
v -0.219841 -0.972742 0.392484
v -0.235645 -0.972742 0.378076
v -0.248533 -0.972742 0.361009
v -0.258066 -0.972742 0.341865
v -0.263919 -0.972742 0.321295
v -0.265892 -0.972742 0.300000
v -0.263919 -0.972742 0.278705
v -0.258066 -0.972742 0.258135
v -0.248533 -0.972742 0.238991
v -0.235645 -0.972742 0.221924
v -0.219840 -0.972742 0.207516
v -0.201658 -0.972742 0.196258
v -0.181715 -0.972742 0.188532
v -0.160693 -0.972742 0.184602
v -0.139307 -0.972742 0.184602
v -0.118285 -0.972742 0.188532
v -0.098342 -0.972742 0.196258
v -0.080159 -0.972742 0.207516
v -0.064355 -0.972742 0.221924
v -0.051467 -0.972742 0.238991
v -0.041934 -0.972742 0.258135
v -0.036081 -0.972742 0.278705
v -0.034108 -0.972742 0.300000
v -0.056077 -0.982443 0.300000
v -0.057676 -0.982443 0.317258
v -0.062420 -0.982443 0.333929
v -0.070145 -0.982443 0.349444
v -0.080590 -0.982443 0.363275
v -0.093399 -0.982443 0.374952
v -0.108135 -0.982443 0.384076
v -0.124297 -0.982443 0.390337
v -0.141334 -0.982443 0.393522
v -0.158666 -0.982443 0.393522
v -0.175703 -0.982443 0.390337
v -0.191865 -0.982443 0.384076
v -0.206601 -0.982443 0.374952
v -0.219410 -0.982443 0.363275
v -0.229855 -0.982443 0.349444
v -0.237580 -0.982443 0.333929
v -0.242324 -0.982443 0.317258
v -0.243923 -0.982443 0.300000
v -0.242324 -0.982443 0.282742
v -0.237580 -0.982443 0.266071
v -0.229855 -0.982443 0.250556
v -0.219410 -0.982443 0.236725
v -0.206601 -0.982443 0.225048
v -0.191865 -0.982443 0.215924
v -0.175703 -0.982443 0.209663
v -0.158666 -0.982443 0.206478
v -0.141334 -0.982443 0.206478
v -0.124297 -0.982443 0.209663
v -0.108135 -0.982443 0.215924
v -0.093399 -0.982443 0.225048
v -0.080590 -0.982443 0.236725
v -0.070145 -0.982443 0.250556
v -0.062420 -0.982443 0.266071
v -0.057676 -0.982443 0.282742
v -0.056077 -0.982443 0.300000
v -0.078848 -0.990075 0.300000
v -0.080059 -0.990075 0.313074
v -0.083652 -0.990075 0.325703
v -0.089505 -0.990075 0.337457
v -0.097418 -0.990075 0.347935
v -0.107121 -0.990075 0.356781
v -0.118285 -0.990075 0.363693
v -0.130528 -0.990075 0.368436
v -0.143435 -0.990075 0.370849
v -0.156565 -0.990075 0.370849
v -0.169472 -0.990075 0.368436
v -0.181715 -0.990075 0.363693
v -0.192879 -0.990075 0.356781
v -0.202582 -0.990075 0.347935
v -0.210495 -0.990075 0.337457
v -0.216348 -0.990075 0.325703
v -0.219941 -0.990075 0.313074
v -0.221152 -0.990075 0.300000
v -0.219941 -0.990075 0.286926
v -0.216348 -0.990075 0.274297
v -0.210495 -0.990075 0.262543
v -0.202582 -0.990075 0.252065
v -0.192879 -0.990075 0.243219
v -0.181715 -0.990075 0.236307
v -0.169472 -0.990075 0.231564
v -0.156565 -0.990075 0.229151
v -0.143435 -0.990075 0.229151
v -0.130528 -0.990075 0.231564
v -0.118285 -0.990075 0.236307
v -0.107121 -0.990075 0.243219
v -0.097418 -0.990075 0.252065
v -0.089505 -0.990075 0.262543
v -0.083652 -0.990075 0.274297
v -0.080059 -0.990075 0.286926
v -0.078848 -0.990075 0.300000
v -0.102225 -0.995573 0.300000
v -0.103039 -0.995573 0.308779
v -0.105451 -0.995573 0.317258
v -0.109381 -0.995573 0.325150
v -0.114694 -0.995573 0.332186
v -0.121209 -0.995573 0.338125
v -0.128705 -0.995573 0.342766
v -0.136926 -0.995573 0.345951
v -0.145592 -0.995573 0.347571
v -0.154408 -0.995573 0.347571
v -0.163074 -0.995573 0.345951
v -0.171295 -0.995573 0.342766
v -0.178791 -0.995573 0.338125
v -0.185306 -0.995573 0.332186
v -0.190619 -0.995573 0.325150
v -0.194549 -0.995573 0.317258
v -0.196961 -0.995573 0.308779
v -0.197775 -0.995573 0.300000
v -0.196961 -0.995573 0.291221
v -0.194549 -0.995573 0.282742
v -0.190619 -0.995573 0.274850
v -0.185306 -0.995573 0.267814
v -0.178791 -0.995573 0.261875
v -0.171295 -0.995573 0.257234
v -0.163074 -0.995573 0.254049
v -0.154408 -0.995573 0.252429
v -0.145592 -0.995573 0.252429
v -0.136926 -0.995573 0.254049
v -0.128705 -0.995573 0.257234
v -0.121209 -0.995573 0.261875
v -0.114694 -0.995573 0.267814
v -0.109381 -0.995573 0.274850
v -0.105451 -0.995573 0.282742
v -0.103039 -0.995573 0.291221
v -0.102225 -0.995573 0.300000
v -0.126010 -0.998891 0.300000
v -0.126419 -0.998891 0.304408
v -0.127630 -0.998891 0.308666
v -0.129604 -0.998891 0.312629
v -0.132271 -0.998891 0.316162
v -0.135543 -0.998891 0.319144
v -0.139307 -0.998891 0.321475
v -0.143435 -0.998891 0.323074
v -0.147787 -0.998891 0.323887
v -0.152213 -0.998891 0.323887
v -0.156565 -0.998891 0.323074
v -0.160693 -0.998891 0.321475
v -0.164457 -0.998891 0.319144
v -0.167729 -0.998891 0.316162
v -0.170397 -0.998891 0.312629
v -0.172370 -0.998891 0.308666
v -0.173581 -0.998891 0.304408
v -0.173990 -0.998891 0.300000
v -0.173581 -0.998891 0.295592
v -0.172370 -0.998891 0.291334
v -0.170397 -0.998891 0.287371
v -0.167729 -0.998891 0.283838
v -0.164457 -0.998891 0.280856
v -0.160693 -0.998891 0.278525
v -0.156565 -0.998891 0.276926
v -0.152213 -0.998891 0.276113
v -0.147786 -0.998891 0.276113
v -0.143435 -0.998891 0.276926
v -0.139307 -0.998891 0.278525
v -0.135543 -0.998891 0.280856
v -0.132271 -0.998891 0.283838
v -0.129604 -0.998891 0.287371
v -0.127630 -0.998891 0.291334
v -0.126419 -0.998891 0.295592
v -0.126010 -0.998891 0.300000
v -0.150000 -1.000000 0.300000
vn 0.000000 1.000000 0.000000
vt 0.500000 1.000000
vn 0.092268 0.995734 0.000000
vt 0.000000 0.970588
vn 0.090697 0.995734 0.016954
vt 0.029412 0.970588
vn 0.086038 0.995734 0.033331
vt 0.058824 0.970588
vn 0.078448 0.995734 0.048573
vt 0.088235 0.970588
vn 0.068187 0.995734 0.062161
vt 0.117647 0.970588
vn 0.055604 0.995734 0.073632
vt 0.147059 0.970588
vn 0.041128 0.995734 0.082595
vt 0.176471 0.970588
vn 0.025250 0.995734 0.088746
vt 0.205882 0.970588
vn 0.008513 0.995734 0.091875
vt 0.235294 0.970588
vn -0.008513 0.995734 0.091875
vt 0.264706 0.970588
vn -0.025250 0.995734 0.088746
vt 0.294118 0.970588
vn -0.041128 0.995734 0.082595
vt 0.323529 0.970588
vn -0.055604 0.995734 0.073632
vt 0.352941 0.970588
vn -0.068187 0.995734 0.062161
vt 0.382353 0.970588
vn -0.078448 0.995734 0.048573
vt 0.411765 0.970588
vn -0.086038 0.995734 0.033331
vt 0.441176 0.970588
vn -0.090697 0.995734 0.016954
vt 0.470588 0.970588
vn -0.092268 0.995734 -0.000000
vt 0.500000 0.970588
vn -0.090697 0.995734 -0.016954
vt 0.529412 0.970588
vn -0.086038 0.995734 -0.033331
vt 0.558824 0.970588
vn -0.078448 0.995734 -0.048573
vt 0.588235 0.970588
vn -0.068187 0.995734 -0.062161
vt 0.617647 0.970588
vn -0.055604 0.995734 -0.073632
vt 0.647059 0.970588
vn -0.041128 0.995734 -0.082595
vt 0.676471 0.970588
vn -0.025250 0.995734 -0.088746
vt 0.705882 0.970588
vn -0.008513 0.995734 -0.091875
vt 0.735294 0.970588
vn 0.008513 0.995734 -0.091875
vt 0.764706 0.970588
vn 0.025250 0.995734 -0.088746
vt 0.794118 0.970588
vn 0.041128 0.995734 -0.082595
vt 0.823529 0.970588
vn 0.055604 0.995734 -0.073632
vt 0.852941 0.970588
vn 0.068187 0.995734 -0.062161
vt 0.882353 0.970588
vn 0.078448 0.995734 -0.048573
vt 0.911765 0.970588
vn 0.086038 0.995734 -0.033331
vt 0.941176 0.970588
vn 0.090697 0.995734 -0.016954
vt 0.970588 0.970588
vn 0.092268 0.995734 0.000000
vt 1.000000 0.970588
vn 0.183750 0.982973 0.000000
vt 0.000000 0.941176
vn 0.180621 0.982973 0.033764
vt 0.029412 0.941176
vn 0.171341 0.982973 0.066378
vt 0.058824 0.941176
vn 0.156227 0.982973 0.096732
vt 0.088235 0.941176
vn 0.135793 0.982973 0.123791
vt 0.117647 0.941176
vn 0.110734 0.982973 0.146635
vt 0.147059 0.941176
vn 0.081904 0.982973 0.164486
vt 0.176471 0.941176
vn 0.050285 0.982973 0.176735
vt 0.205882 0.941176
vn 0.016954 0.982973 0.182966
vt 0.235294 0.941176
vn -0.016954 0.982973 0.182966
vt 0.264706 0.941176
vn -0.050285 0.982973 0.176735
vt 0.294118 0.941176
vn -0.081904 0.982973 0.164486
vt 0.323529 0.941176
vn -0.110734 0.982973 0.146635
vt 0.352941 0.941176
vn -0.135793 0.982973 0.123791
vt 0.382353 0.941176
vn -0.156227 0.982973 0.096732
vt 0.411765 0.941176
vn -0.171341 0.982973 0.066378
vt 0.441176 0.941176
vn -0.180621 0.982973 0.033764
vt 0.470588 0.941176
vn -0.183750 0.982973 -0.000000
vt 0.500000 0.941176
vn -0.180621 0.982973 -0.033764
vt 0.529412 0.941176
vn -0.171341 0.982973 -0.066378
vt 0.558824 0.941176
vn -0.156227 0.982973 -0.096732
vt 0.588235 0.941176
vn -0.135792 0.982973 -0.123791
vt 0.617647 0.941176
vn -0.110734 0.982973 -0.146635
vt 0.647059 0.941176
vn -0.081904 0.982973 -0.164486
vt 0.676471 0.941176
vn -0.050285 0.982973 -0.176735
vt 0.705882 0.941176
vn -0.016954 0.982973 -0.182966
vt 0.735294 0.941176
vn 0.016954 0.982973 -0.182966
vt 0.764706 0.941176
vn 0.050286 0.982973 -0.176735
vt 0.794118 0.941176
vn 0.081904 0.982973 -0.164486
vt 0.823529 0.941176
vn 0.110734 0.982973 -0.146635
vt 0.852941 0.941176
vn 0.135793 0.982973 -0.123791
vt 0.882353 0.941176
vn 0.156227 0.982973 -0.096732
vt 0.911765 0.941176
vn 0.171341 0.982973 -0.066378
vt 0.941176 0.941176
vn 0.180621 0.982973 -0.033764
vt 0.970588 0.941176
vn 0.183750 0.982973 0.000000
vt 1.000000 0.941176
vn 0.273663 0.961826 0.000000
vt 0.000000 0.911765
vn 0.269003 0.961826 0.050285
vt 0.029412 0.911765
vn 0.255183 0.961826 0.098858
vt 0.058824 0.911765
vn 0.232673 0.961826 0.144065
vt 0.088235 0.911765
vn 0.202239 0.961826 0.184366
vt 0.117647 0.911765
vn 0.164919 0.961826 0.218388
vt 0.147059 0.911765
vn 0.121982 0.961826 0.244973
vt 0.176471 0.911765
vn 0.074891 0.961826 0.263216
vt 0.205882 0.911765
vn 0.025250 0.961826 0.272496
vt 0.235294 0.911765
vn -0.025250 0.961826 0.272496
vt 0.264706 0.911765
vn -0.074891 0.961826 0.263216
vt 0.294118 0.911765
vn -0.121982 0.961826 0.244973
vt 0.323529 0.911765
vn -0.164919 0.961826 0.218388
vt 0.352941 0.911765
vn -0.202239 0.961826 0.184366
vt 0.382353 0.911765
vn -0.232673 0.961826 0.144065
vt 0.411765 0.911765
vn -0.255183 0.961826 0.098858
vt 0.441176 0.911765
vn -0.269003 0.961826 0.050285
vt 0.470588 0.911765
vn -0.273663 0.961826 -0.000000
vt 0.500000 0.911765
vn -0.269003 0.961826 -0.050285
vt 0.529412 0.911765
vn -0.255183 0.961826 -0.098858
vt 0.558824 0.911765
vn -0.232673 0.961826 -0.144065
vt 0.588235 0.911765
vn -0.202239 0.961826 -0.184366
vt 0.617647 0.911765
vn -0.164919 0.961826 -0.218388
vt 0.647059 0.911765
vn -0.121982 0.961826 -0.244973
vt 0.676471 0.911765
vn -0.074891 0.961826 -0.263216
vt 0.705882 0.911765
vn -0.025250 0.961826 -0.272496
vt 0.735294 0.911765
vn 0.025251 0.961826 -0.272496
vt 0.764706 0.911765
vn 0.074892 0.961826 -0.263216
vt 0.794118 0.911765
vn 0.121982 0.961826 -0.244973
vt 0.823529 0.911765
vn 0.164919 0.961826 -0.218388
vt 0.852941 0.911765
vn 0.202239 0.961826 -0.184366
vt 0.882353 0.911765
vn 0.232673 0.961826 -0.144065
vt 0.911765 0.911765
vn 0.255183 0.961826 -0.098858
vt 0.941176 0.911765
vn 0.269003 0.961826 -0.050285
vt 0.970588 0.911765
vn 0.273663 0.961826 0.000000
vt 1.000000 0.911765
vn 0.361242 0.932472 0.000000
vt 0.000000 0.882353
vn 0.355091 0.932472 0.066378
vt 0.029412 0.882353
vn 0.336848 0.932472 0.130496
vt 0.058824 0.882353
vn 0.307134 0.932472 0.190169
vt 0.088235 0.882353
vn 0.266961 0.932472 0.243367
vt 0.117647 0.882353
vn 0.217697 0.932472 0.288277
vt 0.147059 0.882353
vn 0.161019 0.932472 0.323370
vt 0.176471 0.882353
vn 0.098858 0.932472 0.347452
vt 0.205882 0.882353
vn 0.033331 0.932472 0.359701
vt 0.235294 0.882353
vn -0.033331 0.932472 0.359701
vt 0.264706 0.882353
vn -0.098859 0.932472 0.347451
vt 0.294118 0.882353
vn -0.161019 0.932472 0.323370
vt 0.323529 0.882353
vn -0.217697 0.932472 0.288277
vt 0.352941 0.882353
vn -0.266961 0.932472 0.243367
vt 0.382353 0.882353
vn -0.307134 0.932472 0.190169
vt 0.411765 0.882353
vn -0.336848 0.932472 0.130496
vt 0.441176 0.882353
vn -0.355091 0.932472 0.066378
vt 0.470588 0.882353
vn -0.361242 0.932472 -0.000000
vt 0.500000 0.882353
vn -0.355091 0.932472 -0.066378
vt 0.529412 0.882353
vn -0.336848 0.932472 -0.130496
vt 0.558824 0.882353
vn -0.307134 0.932472 -0.190169
vt 0.588235 0.882353
vn -0.266961 0.932472 -0.243367
vt 0.617647 0.882353
vn -0.217697 0.932472 -0.288277
vt 0.647059 0.882353
vn -0.161019 0.932472 -0.323370
vt 0.676471 0.882353
vn -0.098858 0.932472 -0.347452
vt 0.705882 0.882353
vn -0.033331 0.932472 -0.359701
vt 0.735294 0.882353
vn 0.033331 0.932472 -0.359701
vt 0.764706 0.882353
vn 0.098859 0.932472 -0.347451
vt 0.794118 0.882353
vn 0.161019 0.932472 -0.323370
vt 0.823529 0.882353
vn 0.217697 0.932472 -0.288277
vt 0.852941 0.882353
vn 0.266961 0.932472 -0.243367
vt 0.882353 0.882353
vn 0.307134 0.932472 -0.190169
vt 0.911765 0.882353
vn 0.336848 0.932472 -0.130496
vt 0.941176 0.882353
vn 0.355091 0.932472 -0.066378
vt 0.970588 0.882353
vn 0.361242 0.932472 0.000000
vt 1.000000 0.882353
vn 0.445738 0.895163 0.000000
vt 0.000000 0.852941
vn 0.438149 0.895163 0.081904
vt 0.029412 0.852941
vn 0.415639 0.895163 0.161019
vt 0.058824 0.852941
vn 0.378974 0.895163 0.234651
vt 0.088235 0.852941
vn 0.329405 0.895163 0.300292
vt 0.117647 0.852941
vn 0.268617 0.895163 0.355707
vt 0.147059 0.852941
vn 0.198683 0.895163 0.399009
vt 0.176471 0.852941
vn 0.121982 0.895163 0.428723
vt 0.205882 0.852941
vn 0.041128 0.895163 0.443837
vt 0.235294 0.852941
vn -0.041128 0.895163 0.443837
vt 0.264706 0.852941
vn -0.121982 0.895163 0.428723
vt 0.294118 0.852941
vn -0.198683 0.895163 0.399009
vt 0.323529 0.852941
vn -0.268617 0.895163 0.355707
vt 0.352941 0.852941
vn -0.329405 0.895163 0.300292
vt 0.382353 0.852941
vn -0.378974 0.895163 0.234651
vt 0.411765 0.852941
vn -0.415639 0.895163 0.161019
vt 0.441176 0.852941
vn -0.438149 0.895163 0.081904
vt 0.470588 0.852941
vn -0.445738 0.895163 -0.000000
vt 0.500000 0.852941
vn -0.438149 0.895163 -0.081904
vt 0.529412 0.852941
vn -0.415639 0.895163 -0.161019
vt 0.558824 0.852941
vn -0.378974 0.895163 -0.234651
vt 0.588235 0.852941
vn -0.329405 0.895163 -0.300292
vt 0.617647 0.852941
vn -0.268617 0.895163 -0.355707
vt 0.647059 0.852941
vn -0.198683 0.895163 -0.399009
vt 0.676471 0.852941
vn -0.121982 0.895163 -0.428723
vt 0.705882 0.852941
vn -0.041127 0.895163 -0.443837
vt 0.735294 0.852941
vn 0.041128 0.895163 -0.443837
vt 0.764706 0.852941
vn 0.121982 0.895163 -0.428723
vt 0.794118 0.852941
vn 0.198683 0.895163 -0.399009
vt 0.823529 0.852941
vn 0.268617 0.895163 -0.355707
vt 0.852941 0.852941
vn 0.329405 0.895163 -0.300292
vt 0.882353 0.852941
vn 0.378974 0.895163 -0.234651
vt 0.911765 0.852941
vn 0.415639 0.895163 -0.161019
vt 0.941176 0.852941
vn 0.438149 0.895163 -0.081904
vt 0.970588 0.852941
vn 0.445738 0.895163 0.000000
vt 1.000000 0.852941
vn 0.526432 0.850217 0.000000
vt 0.000000 0.823529
vn 0.517469 0.850217 0.096732
vt 0.029412 0.823529
vn 0.490883 0.850217 0.190169
vt 0.058824 0.823529
vn 0.447582 0.850217 0.277131
vt 0.088235 0.823529
vn 0.389038 0.850217 0.354655
vt 0.117647 0.823529
vn 0.317246 0.850217 0.420102
vt 0.147059 0.823529
vn 0.234651 0.850217 0.471243
vt 0.176471 0.823529
vn 0.144065 0.850217 0.506336
vt 0.205882 0.823529
vn 0.048573 0.850217 0.524186
vt 0.235294 0.823529
vn -0.048573 0.850217 0.524186
vt 0.264706 0.823529
vn -0.144065 0.850217 0.506336
vt 0.294118 0.823529
vn -0.234651 0.850217 0.471243
vt 0.323529 0.823529
vn -0.317246 0.850217 0.420102
vt 0.352941 0.823529
vn -0.389038 0.850217 0.354655
vt 0.382353 0.823529
vn -0.447582 0.850217 0.277131
vt 0.411765 0.823529
vn -0.490883 0.850217 0.190169
vt 0.441176 0.823529
vn -0.517469 0.850217 0.096732
vt 0.470588 0.823529
vn -0.526432 0.850217 -0.000000
vt 0.500000 0.823529
vn -0.517469 0.850217 -0.096732
vt 0.529412 0.823529
vn -0.490883 0.850217 -0.190169
vt 0.558824 0.823529
vn -0.447582 0.850217 -0.277131
vt 0.588235 0.823529
vn -0.389038 0.850217 -0.354655
vt 0.617647 0.823529
vn -0.317246 0.850217 -0.420102
vt 0.647059 0.823529
vn -0.234651 0.850217 -0.471243
vt 0.676471 0.823529
vn -0.144065 0.850217 -0.506336
vt 0.705882 0.823529
vn -0.048573 0.850217 -0.524186
vt 0.735294 0.823529
vn 0.048573 0.850217 -0.524186
vt 0.764706 0.823529
vn 0.144065 0.850217 -0.506336
vt 0.794118 0.823529
vn 0.234651 0.850217 -0.471243
vt 0.823529 0.823529
vn 0.317246 0.850217 -0.420102
vt 0.852941 0.823529
vn 0.389038 0.850217 -0.354655
vt 0.882353 0.823529
vn 0.447582 0.850217 -0.277131
vt 0.911765 0.823529
vn 0.490883 0.850217 -0.190169
vt 0.941176 0.823529
vn 0.517469 0.850217 -0.096732
vt 0.970588 0.823529
vn 0.526432 0.850217 0.000000
vt 1.000000 0.823529
vn 0.602635 0.798017 0.000000
vt 0.000000 0.794118
vn 0.592374 0.798017 0.110734
vt 0.029412 0.794118
vn 0.561940 0.798017 0.217697
vt 0.058824 0.794118
vn 0.512370 0.798017 0.317246
vt 0.088235 0.794118
vn 0.445352 0.798017 0.405992
vt 0.117647 0.794118
vn 0.363169 0.798017 0.480913
vt 0.147059 0.794118
vn 0.268617 0.798017 0.539456
vt 0.176471 0.794118
vn 0.164919 0.798017 0.579629
vt 0.205882 0.794118
vn 0.055604 0.798017 0.600064
vt 0.235294 0.794118
vn -0.055604 0.798017 0.600064
vt 0.264706 0.794118
vn -0.164919 0.798017 0.579629
vt 0.294118 0.794118
vn -0.268617 0.798017 0.539456
vt 0.323529 0.794118
vn -0.363169 0.798017 0.480913
vt 0.352941 0.794118
vn -0.445352 0.798017 0.405992
vt 0.382353 0.794118
vn -0.512370 0.798017 0.317246
vt 0.411765 0.794118
vn -0.561940 0.798017 0.217697
vt 0.441176 0.794118
vn -0.592374 0.798017 0.110734
vt 0.470588 0.794118
vn -0.602635 0.798017 -0.000000
vt 0.500000 0.794118
vn -0.592374 0.798017 -0.110734
vt 0.529412 0.794118
vn -0.561940 0.798017 -0.217697
vt 0.558824 0.794118
vn -0.512370 0.798017 -0.317246
vt 0.588235 0.794118
vn -0.445352 0.798017 -0.405992
vt 0.617647 0.794118
vn -0.363168 0.798017 -0.480913
vt 0.647059 0.794118
vn -0.268617 0.798017 -0.539456
vt 0.676471 0.794118
vn -0.164919 0.798017 -0.579629
vt 0.705882 0.794118
vn -0.055604 0.798017 -0.600064
vt 0.735294 0.794118
vn 0.055604 0.798017 -0.600064
vt 0.764706 0.794118
vn 0.164919 0.798017 -0.579629
vt 0.794118 0.794118
vn 0.268618 0.798017 -0.539456
vt 0.823529 0.794118
vn 0.363169 0.798017 -0.480913
vt 0.852941 0.794118
vn 0.445352 0.798017 -0.405992
vt 0.882353 0.794118
vn 0.512370 0.798017 -0.317246
vt 0.911765 0.794118
vn 0.561940 0.798017 -0.217697
vt 0.941176 0.794118
vn 0.592374 0.798017 -0.110734
vt 0.970588 0.794118
vn 0.602635 0.798017 0.000000
vt 1.000000 0.794118
vn 0.673696 0.739009 0.000000
vt 0.000000 0.764706
vn 0.662225 0.739009 0.123791
vt 0.029412 0.764706
vn 0.628202 0.739009 0.243367
vt 0.058824 0.764706
vn 0.572788 0.739009 0.354655
vt 0.088235 0.764706
vn 0.497867 0.739009 0.453866
vt 0.117647 0.764706
vn 0.405992 0.739009 0.537621
vt 0.147059 0.764706
vn 0.300292 0.739009 0.603068
vt 0.176471 0.764706
vn 0.184365 0.739009 0.647978
vt 0.205882 0.764706
vn 0.062161 0.739009 0.670822
vt 0.235294 0.764706
vn -0.062161 0.739009 0.670822
vt 0.264706 0.764706
vn -0.184366 0.739009 0.647978
vt 0.294118 0.764706
vn -0.300292 0.739009 0.603068
vt 0.323529 0.764706
vn -0.405992 0.739009 0.537621
vt 0.352941 0.764706
vn -0.497867 0.739009 0.453866
vt 0.382353 0.764706
vn -0.572788 0.739009 0.354655
vt 0.411765 0.764706
vn -0.628202 0.739009 0.243367
vt 0.441176 0.764706
vn -0.662225 0.739009 0.123791
vt 0.470588 0.764706
vn -0.673696 0.739009 -0.000000
vt 0.500000 0.764706
vn -0.662225 0.739009 -0.123791
vt 0.529412 0.764706
vn -0.628202 0.739009 -0.243367
vt 0.558824 0.764706
vn -0.572788 0.739009 -0.354655
vt 0.588235 0.764706
vn -0.497867 0.739009 -0.453866
vt 0.617647 0.764706
vn -0.405992 0.739009 -0.537621
vt 0.647059 0.764706
vn -0.300292 0.739009 -0.603068
vt 0.676471 0.764706
vn -0.184365 0.739009 -0.647978
vt 0.705882 0.764706
vn -0.062161 0.739009 -0.670822
vt 0.735294 0.764706
vn 0.062161 0.739009 -0.670822
vt 0.764706 0.764706
vn 0.184366 0.739009 -0.647978
vt 0.794118 0.764706
vn 0.300292 0.739009 -0.603067
vt 0.823529 0.764706
vn 0.405992 0.739009 -0.537621
vt 0.852941 0.764706
vn 0.497867 0.739009 -0.453866
vt 0.882353 0.764706
vn 0.572788 0.739009 -0.354655
vt 0.911765 0.764706
vn 0.628202 0.739009 -0.243367
vt 0.941176 0.764706
vn 0.662225 0.739009 -0.123791
vt 0.970588 0.764706
vn 0.673696 0.739009 0.000000
vt 1.000000 0.764706
vn 0.739009 0.673696 0.000000
vt 0.000000 0.735294
vn 0.726426 0.673696 0.135793
vt 0.029412 0.735294
vn 0.689105 0.673696 0.266961
vt 0.058824 0.735294
vn 0.628318 0.673696 0.389038
vt 0.088235 0.735294
vn 0.546134 0.673696 0.497867
vt 0.117647 0.735294
vn 0.445352 0.673696 0.589742
vt 0.147059 0.735294
vn 0.329405 0.673696 0.661534
vt 0.176471 0.735294
vn 0.202239 0.673696 0.710798
vt 0.205882 0.735294
vn 0.068187 0.673696 0.735856
vt 0.235294 0.735294
vn -0.068187 0.673696 0.735856
vt 0.264706 0.735294
vn -0.202239 0.673696 0.710798
vt 0.294118 0.735294
vn -0.329405 0.673696 0.661534
vt 0.323529 0.735294
vn -0.445352 0.673696 0.589742
vt 0.352941 0.735294
vn -0.546134 0.673696 0.497867
vt 0.382353 0.735294
vn -0.628318 0.673696 0.389038
vt 0.411765 0.735294
vn -0.689105 0.673696 0.266961
vt 0.441176 0.735294
vn -0.726426 0.673696 0.135793
vt 0.470588 0.735294
vn -0.739009 0.673696 -0.000000
vt 0.500000 0.735294
vn -0.726426 0.673696 -0.135792
vt 0.529412 0.735294
vn -0.689105 0.673696 -0.266961
vt 0.558824 0.735294
vn -0.628318 0.673696 -0.389038
vt 0.588235 0.735294
vn -0.546134 0.673696 -0.497867
vt 0.617647 0.735294
vn -0.445352 0.673696 -0.589742
vt 0.647059 0.735294
vn -0.329405 0.673696 -0.661534
vt 0.676471 0.735294
vn -0.202239 0.673696 -0.710798
vt 0.705882 0.735294
vn -0.068187 0.673696 -0.735856
vt 0.735294 0.735294
vn 0.068187 0.673696 -0.735856
vt 0.764706 0.735294
vn 0.202240 0.673696 -0.710798
vt 0.794118 0.735294
vn 0.329405 0.673696 -0.661533
vt 0.823529 0.735294
vn 0.445352 0.673696 -0.589742
vt 0.852941 0.735294
vn 0.546134 0.673696 -0.497867
vt 0.882353 0.735294
vn 0.628318 0.673696 -0.389038
vt 0.911765 0.735294
vn 0.689105 0.673696 -0.266961
vt 0.941176 0.735294
vn 0.726426 0.673696 -0.135792
vt 0.970588 0.735294
vn 0.739009 0.673696 0.000000
vt 1.000000 0.735294
vn 0.798017 0.602635 0.000000
vt 0.000000 0.705882
vn 0.784429 0.602635 0.146635
vt 0.029412 0.705882
vn 0.744129 0.602635 0.288277
vt 0.058824 0.705882
vn 0.678488 0.602635 0.420102
vt 0.088235 0.705882
vn 0.589742 0.602635 0.537621
vt 0.117647 0.705882
vn 0.480913 0.602635 0.636832
vt 0.147059 0.705882
vn 0.355707 0.602635 0.714356
vt 0.176471 0.705882
vn 0.218388 0.602635 0.767554
vt 0.205882 0.705882
vn 0.073632 0.602635 0.794613
vt 0.235294 0.705882
vn -0.073632 0.602635 0.794613
vt 0.264706 0.705882
vn -0.218388 0.602635 0.767553
vt 0.294118 0.705882
vn -0.355707 0.602635 0.714356
vt 0.323529 0.705882
vn -0.480913 0.602635 0.636832
vt 0.352941 0.705882
vn -0.589742 0.602635 0.537621
vt 0.382353 0.705882
vn -0.678488 0.602635 0.420102
vt 0.411765 0.705882
vn -0.744129 0.602635 0.288277
vt 0.441176 0.705882
vn -0.784429 0.602635 0.146635
vt 0.470588 0.705882
vn -0.798017 0.602635 -0.000000
vt 0.500000 0.705882
vn -0.784429 0.602635 -0.146635
vt 0.529412 0.705882
vn -0.744129 0.602635 -0.288277
vt 0.558824 0.705882
vn -0.678488 0.602635 -0.420102
vt 0.588235 0.705882
vn -0.589742 0.602635 -0.537621
vt 0.617647 0.705882
vn -0.480913 0.602635 -0.636832
vt 0.647059 0.705882
vn -0.355707 0.602635 -0.714356
vt 0.676471 0.705882
vn -0.218388 0.602635 -0.767554
vt 0.705882 0.705882
vn -0.073632 0.602635 -0.794613
vt 0.735294 0.705882
vn 0.073632 0.602635 -0.794613
vt 0.764706 0.705882
vn 0.218388 0.602635 -0.767553
vt 0.794118 0.705882
vn 0.355707 0.602635 -0.714356
vt 0.823529 0.705882
vn 0.480913 0.602635 -0.636831
vt 0.852941 0.705882
vn 0.589742 0.602635 -0.537621
vt 0.882353 0.705882
vn 0.678488 0.602635 -0.420102
vt 0.911765 0.705882
vn 0.744129 0.602635 -0.288277
vt 0.941176 0.705882
vn 0.784429 0.602635 -0.146635
vt 0.970588 0.705882
vn 0.798017 0.602635 0.000000
vt 1.000000 0.705882
vn 0.850217 0.526432 0.000000
vt 0.000000 0.676471
vn 0.835741 0.526432 0.156227
vt 0.029412 0.676471
vn 0.792804 0.526432 0.307134
vt 0.058824 0.676471
vn 0.722869 0.526432 0.447582
vt 0.088235 0.676471
vn 0.628318 0.526432 0.572788
vt 0.117647 0.676471
vn 0.512370 0.526432 0.678488
vt 0.147059 0.676471
vn 0.378974 0.526432 0.761083
vt 0.176471 0.676471
vn 0.232673 0.526432 0.817761
vt 0.205882 0.676471
vn 0.078448 0.526432 0.846590
vt 0.235294 0.676471
vn -0.078448 0.526432 0.846590
vt 0.264706 0.676471
vn -0.232673 0.526432 0.817761
vt 0.294118 0.676471
vn -0.378975 0.526432 0.761083
vt 0.323529 0.676471
vn -0.512370 0.526432 0.678488
vt 0.352941 0.676471
vn -0.628318 0.526432 0.572787
vt 0.382353 0.676471
vn -0.722869 0.526432 0.447581
vt 0.411765 0.676471
vn -0.792804 0.526432 0.307134
vt 0.441176 0.676471
vn -0.835741 0.526432 0.156227
vt 0.470588 0.676471
vn -0.850217 0.526432 -0.000000
vt 0.500000 0.676471
vn -0.835741 0.526432 -0.156227
vt 0.529412 0.676471
vn -0.792804 0.526432 -0.307134
vt 0.558824 0.676471
vn -0.722869 0.526432 -0.447582
vt 0.588235 0.676471
vn -0.628318 0.526432 -0.572788
vt 0.617647 0.676471
vn -0.512370 0.526432 -0.678488
vt 0.647059 0.676471
vn -0.378974 0.526432 -0.761083
vt 0.676471 0.676471
vn -0.232673 0.526432 -0.817761
vt 0.705882 0.676471
vn -0.078448 0.526432 -0.846590
vt 0.735294 0.676471
vn 0.078448 0.526432 -0.846590
vt 0.764706 0.676471
vn 0.232673 0.526432 -0.817761
vt 0.794118 0.676471
vn 0.378975 0.526432 -0.761083
vt 0.823529 0.676471
vn 0.512370 0.526432 -0.678488
vt 0.852941 0.676471
vn 0.628318 0.526432 -0.572787
vt 0.882353 0.676471
vn 0.722869 0.526432 -0.447582
vt 0.911765 0.676471
vn 0.792804 0.526432 -0.307134
vt 0.941176 0.676471
vn 0.835741 0.526432 -0.156227
vt 0.970588 0.676471
vn 0.850217 0.526432 0.000000
vt 1.000000 0.676471
vn 0.895163 0.445738 0.000000
vt 0.000000 0.647059
vn 0.879921 0.445738 0.164486
vt 0.029412 0.647059
vn 0.834715 0.445738 0.323370
vt 0.058824 0.647059
vn 0.761083 0.445738 0.471243
vt 0.088235 0.647059
vn 0.661534 0.445738 0.603068
vt 0.117647 0.647059
vn 0.539456 0.445738 0.714356
vt 0.147059 0.647059
vn 0.399009 0.445738 0.801317
vt 0.176471 0.647059
vn 0.244973 0.445738 0.860991
vt 0.205882 0.647059
vn 0.082595 0.445738 0.891345
vt 0.235294 0.647059
vn -0.082595 0.445738 0.891345
vt 0.264706 0.647059
vn -0.244973 0.445738 0.860991
vt 0.294118 0.647059
vn -0.399009 0.445738 0.801317
vt 0.323529 0.647059
vn -0.539456 0.445738 0.714356
vt 0.352941 0.647059
vn -0.661534 0.445738 0.603068
vt 0.382353 0.647059
vn -0.761083 0.445738 0.471243
vt 0.411765 0.647059
vn -0.834715 0.445738 0.323370
vt 0.441176 0.647059
vn -0.879921 0.445738 0.164486
vt 0.470588 0.647059
vn -0.895163 0.445738 -0.000000
vt 0.500000 0.647059
vn -0.879921 0.445738 -0.164486
vt 0.529412 0.647059
vn -0.834715 0.445738 -0.323370
vt 0.558824 0.647059
vn -0.761083 0.445738 -0.471243
vt 0.588235 0.647059
vn -0.661533 0.445738 -0.603068
vt 0.617647 0.647059
vn -0.539456 0.445738 -0.714356
vt 0.647059 0.647059
vn -0.399009 0.445738 -0.801317
vt 0.676471 0.647059
vn -0.244973 0.445738 -0.860991
vt 0.705882 0.647059
vn -0.082595 0.445738 -0.891345
vt 0.735294 0.647059
vn 0.082596 0.445738 -0.891345
vt 0.764706 0.647059
vn 0.244973 0.445738 -0.860991
vt 0.794118 0.647059
vn 0.399009 0.445738 -0.801317
vt 0.823529 0.647059
vn 0.539456 0.445738 -0.714356
vt 0.852941 0.647059
vn 0.661534 0.445738 -0.603067
vt 0.882353 0.647059
vn 0.761083 0.445738 -0.471243
vt 0.911765 0.647059
vn 0.834715 0.445738 -0.323370
vt 0.941176 0.647059
vn 0.879921 0.445738 -0.164486
vt 0.970588 0.647059
vn 0.895163 0.445738 0.000000
vt 1.000000 0.647059
vn 0.932472 0.361242 0.000000
vt 0.000000 0.617647
vn 0.916595 0.361242 0.171341
vt 0.029412 0.617647
vn 0.869504 0.361242 0.336848
vt 0.058824 0.617647
vn 0.792804 0.361242 0.490883
vt 0.088235 0.617647
vn 0.689105 0.361242 0.628202
vt 0.117647 0.617647
vn 0.561940 0.361242 0.744129
vt 0.147059 0.617647
vn 0.415639 0.361242 0.834715
vt 0.176471 0.617647
vn 0.255183 0.361242 0.896876
vt 0.205882 0.617647
vn 0.086038 0.361242 0.928494
vt 0.235294 0.617647
vn -0.086038 0.361242 0.928494
vt 0.264706 0.617647
vn -0.255183 0.361242 0.896876
vt 0.294118 0.617647
vn -0.415639 0.361242 0.834715
vt 0.323529 0.617647
vn -0.561940 0.361242 0.744129
vt 0.352941 0.617647
vn -0.689105 0.361242 0.628202
vt 0.382353 0.617647
vn -0.792804 0.361242 0.490883
vt 0.411765 0.617647
vn -0.869505 0.361242 0.336848
vt 0.441176 0.617647
vn -0.916595 0.361242 0.171341
vt 0.470588 0.617647
vn -0.932472 0.361242 -0.000000
vt 0.500000 0.617647
vn -0.916595 0.361242 -0.171341
vt 0.529412 0.617647
vn -0.869504 0.361242 -0.336848
vt 0.558824 0.617647
vn -0.792804 0.361242 -0.490883
vt 0.588235 0.617647
vn -0.689105 0.361242 -0.628203
vt 0.617647 0.617647
vn -0.561940 0.361242 -0.744129
vt 0.647059 0.617647
vn -0.415639 0.361242 -0.834715
vt 0.676471 0.617647
vn -0.255183 0.361242 -0.896876
vt 0.705882 0.617647
vn -0.086038 0.361242 -0.928495
vt 0.735294 0.617647
vn 0.086038 0.361242 -0.928494
vt 0.764706 0.617647
vn 0.255183 0.361242 -0.896876
vt 0.794118 0.617647
vn 0.415639 0.361242 -0.834715
vt 0.823529 0.617647
vn 0.561940 0.361242 -0.744129
vt 0.852941 0.617647
vn 0.689105 0.361242 -0.628202
vt 0.882353 0.617647
vn 0.792804 0.361242 -0.490883
vt 0.911765 0.617647
vn 0.869504 0.361242 -0.336848
vt 0.941176 0.617647
vn 0.916595 0.361242 -0.171341
vt 0.970588 0.617647
vn 0.932472 0.361242 0.000000
vt 1.000000 0.617647
vn 0.961826 0.273663 0.000000
vt 0.000000 0.588235
vn 0.945449 0.273663 0.176735
vt 0.029412 0.588235
vn 0.896876 0.273663 0.347452
vt 0.058824 0.588235
vn 0.817761 0.273663 0.506336
vt 0.088235 0.588235
vn 0.710798 0.273663 0.647978
vt 0.117647 0.588235
vn 0.579629 0.273663 0.767554
vt 0.147059 0.588235
vn 0.428723 0.273663 0.860991
vt 0.176471 0.588235
vn 0.263216 0.273663 0.925109
vt 0.205882 0.588235
vn 0.088746 0.273663 0.957723
vt 0.235294 0.588235
vn -0.088746 0.273663 0.957723
vt 0.264706 0.588235
vn -0.263216 0.273663 0.925109
vt 0.294118 0.588235
vn -0.428723 0.273663 0.860991
vt 0.323529 0.588235
vn -0.579629 0.273663 0.767553
vt 0.352941 0.588235
vn -0.710798 0.273663 0.647978
vt 0.382353 0.588235
vn -0.817761 0.273663 0.506336
vt 0.411765 0.588235
vn -0.896876 0.273663 0.347451
vt 0.441176 0.588235
vn -0.945449 0.273663 0.176735
vt 0.470588 0.588235
vn -0.961826 0.273663 -0.000000
vt 0.500000 0.588235
vn -0.945449 0.273663 -0.176735
vt 0.529412 0.588235
vn -0.896876 0.273663 -0.347452
vt 0.558824 0.588235
vn -0.817761 0.273663 -0.506336
vt 0.588235 0.588235
vn -0.710798 0.273663 -0.647978
vt 0.617647 0.588235
vn -0.579629 0.273663 -0.767554
vt 0.647059 0.588235
vn -0.428723 0.273663 -0.860991
vt 0.676471 0.588235
vn -0.263216 0.273663 -0.925109
vt 0.705882 0.588235
vn -0.088746 0.273663 -0.957723
vt 0.735294 0.588235
vn 0.088746 0.273663 -0.957723
vt 0.764706 0.588235
vn 0.263216 0.273663 -0.925108
vt 0.794118 0.588235
vn 0.428723 0.273663 -0.860991
vt 0.823529 0.588235
vn 0.579630 0.273663 -0.767553
vt 0.852941 0.588235
vn 0.710798 0.273663 -0.647978
vt 0.882353 0.588235
vn 0.817761 0.273663 -0.506336
vt 0.911765 0.588235
vn 0.896876 0.273663 -0.347452
vt 0.941176 0.588235
vn 0.945449 0.273663 -0.176735
vt 0.970588 0.588235
vn 0.961826 0.273663 0.000000
vt 1.000000 0.588235
vn 0.982973 0.183749 0.000000
vt 0.000000 0.558824
vn 0.966236 0.183749 0.180621
vt 0.029412 0.558824
vn 0.916595 0.183749 0.355091
vt 0.058824 0.558824
vn 0.835741 0.183749 0.517469
vt 0.088235 0.558824
vn 0.726426 0.183749 0.662225
vt 0.117647 0.558824
vn 0.592374 0.183749 0.784429
vt 0.147059 0.558824
vn 0.438149 0.183749 0.879921
vt 0.176471 0.558824
vn 0.269003 0.183749 0.945449
vt 0.205882 0.558824
vn 0.090697 0.183749 0.978780
vt 0.235294 0.558824
vn -0.090697 0.183749 0.978780
vt 0.264706 0.558824
vn -0.269003 0.183749 0.945449
vt 0.294118 0.558824
vn -0.438149 0.183749 0.879921
vt 0.323529 0.558824
vn -0.592374 0.183749 0.784429
vt 0.352941 0.558824
vn -0.726426 0.183749 0.662225
vt 0.382353 0.558824
vn -0.835741 0.183749 0.517468
vt 0.411765 0.558824
vn -0.916595 0.183749 0.355091
vt 0.441176 0.558824
vn -0.966236 0.183749 0.180621
vt 0.470588 0.558824
vn -0.982973 0.183749 -0.000000
vt 0.500000 0.558824
vn -0.966236 0.183749 -0.180621
vt 0.529412 0.558824
vn -0.916595 0.183749 -0.355091
vt 0.558824 0.558824
vn -0.835741 0.183749 -0.517469
vt 0.588235 0.558824
vn -0.726426 0.183749 -0.662225
vt 0.617647 0.558824
vn -0.592373 0.183749 -0.784430
vt 0.647059 0.558824
vn -0.438149 0.183749 -0.879921
vt 0.676471 0.558824
vn -0.269003 0.183749 -0.945449
vt 0.705882 0.558824
vn -0.090697 0.183749 -0.978780
vt 0.735294 0.558824
vn 0.090698 0.183749 -0.978780
vt 0.764706 0.558824
vn 0.269004 0.183749 -0.945449
vt 0.794118 0.558824
vn 0.438149 0.183749 -0.879921
vt 0.823529 0.558824
vn 0.592374 0.183749 -0.784429
vt 0.852941 0.558824
vn 0.726426 0.183749 -0.662224
vt 0.882353 0.558824
vn 0.835741 0.183749 -0.517469
vt 0.911765 0.558824
vn 0.916595 0.183749 -0.355091
vt 0.941176 0.558824
vn 0.966236 0.183749 -0.180621
vt 0.970588 0.558824
vn 0.982973 0.183749 0.000000
vt 1.000000 0.558824
vn 0.995734 0.092268 0.000000
vt 0.000000 0.529412
vn 0.978780 0.092268 0.182966
vt 0.029412 0.529412
vn 0.928494 0.092268 0.359701
vt 0.058824 0.529412
vn 0.846590 0.092268 0.524186
vt 0.088235 0.529412
vn 0.735856 0.092268 0.670822
vt 0.117647 0.529412
vn 0.600064 0.092268 0.794613
vt 0.147059 0.529412
vn 0.443837 0.092268 0.891345
vt 0.176471 0.529412
vn 0.272495 0.092268 0.957723
vt 0.205882 0.529412
vn 0.091875 0.092268 0.991486
vt 0.235294 0.529412
vn -0.091875 0.092268 0.991486
vt 0.264706 0.529412
vn -0.272496 0.092268 0.957723
vt 0.294118 0.529412
vn -0.443837 0.092268 0.891345
vt 0.323529 0.529412
vn -0.600064 0.092268 0.794613
vt 0.352941 0.529412
vn -0.735857 0.092268 0.670822
vt 0.382353 0.529412
vn -0.846590 0.092268 0.524186
vt 0.411765 0.529412
vn -0.928495 0.092268 0.359701
vt 0.441176 0.529412
vn -0.978780 0.092268 0.182966
vt 0.470588 0.529412
vn -0.995734 0.092268 -0.000000
vt 0.500000 0.529412
vn -0.978780 0.092268 -0.182966
vt 0.529412 0.529412
vn -0.928494 0.092268 -0.359701
vt 0.558824 0.529412
vn -0.846590 0.092268 -0.524187
vt 0.588235 0.529412
vn -0.735856 0.092268 -0.670822
vt 0.617647 0.529412
vn -0.600064 0.092268 -0.794613
vt 0.647059 0.529412
vn -0.443837 0.092268 -0.891345
vt 0.676471 0.529412
vn -0.272495 0.092268 -0.957723
vt 0.705882 0.529412
vn -0.091875 0.092268 -0.991487
vt 0.735294 0.529412
vn 0.091875 0.092268 -0.991486
vt 0.764706 0.529412
vn 0.272496 0.092268 -0.957723
vt 0.794118 0.529412
vn 0.443837 0.092268 -0.891344
vt 0.823529 0.529412
vn 0.600064 0.092268 -0.794613
vt 0.852941 0.529412
vn 0.735857 0.092268 -0.670822
vt 0.882353 0.529412
vn 0.846590 0.092268 -0.524187
vt 0.911765 0.529412
vn 0.928494 0.092268 -0.359701
vt 0.941176 0.529412
vn 0.978780 0.092268 -0.182966
vt 0.970588 0.529412
vn 0.995734 0.092268 0.000000
vt 1.000000 0.529412
vn 1.000000 -0.000000 0.000000
vt 0.000000 0.500000
vn 0.982973 -0.000000 0.183750
vt 0.029412 0.500000
vn 0.932472 -0.000000 0.361242
vt 0.058824 0.500000
vn 0.850217 -0.000000 0.526432
vt 0.088235 0.500000
vn 0.739009 -0.000000 0.673696
vt 0.117647 0.500000
vn 0.602635 -0.000000 0.798017
vt 0.147059 0.500000
vn 0.445738 -0.000000 0.895163
vt 0.176471 0.500000
vn 0.273663 -0.000000 0.961826
vt 0.205882 0.500000
vn 0.092268 -0.000000 0.995734
vt 0.235294 0.500000
vn -0.092268 -0.000000 0.995734
vt 0.264706 0.500000
vn -0.273663 -0.000000 0.961826
vt 0.294118 0.500000
vn -0.445739 -0.000000 0.895163
vt 0.323529 0.500000
vn -0.602635 -0.000000 0.798017
vt 0.352941 0.500000
vn -0.739009 -0.000000 0.673696
vt 0.382353 0.500000
vn -0.850217 -0.000000 0.526432
vt 0.411765 0.500000
vn -0.932472 -0.000000 0.361242
vt 0.441176 0.500000
vn -0.982973 -0.000000 0.183750
vt 0.470588 0.500000
vn -1.000000 -0.000000 -0.000000
vt 0.500000 0.500000
vn -0.982973 -0.000000 -0.183749
vt 0.529412 0.500000
vn -0.932472 -0.000000 -0.361242
vt 0.558824 0.500000
vn -0.850217 -0.000000 -0.526432
vt 0.588235 0.500000
vn -0.739009 -0.000000 -0.673696
vt 0.617647 0.500000
vn -0.602634 -0.000000 -0.798017
vt 0.647059 0.500000
vn -0.445738 -0.000000 -0.895163
vt 0.676471 0.500000
vn -0.273663 -0.000000 -0.961826
vt 0.705882 0.500000
vn -0.092268 -0.000000 -0.995734
vt 0.735294 0.500000
vn 0.092269 -0.000000 -0.995734
vt 0.764706 0.500000
vn 0.273663 -0.000000 -0.961826
vt 0.794118 0.500000
vn 0.445739 -0.000000 -0.895163
vt 0.823529 0.500000
vn 0.602635 -0.000000 -0.798017
vt 0.852941 0.500000
vn 0.739009 -0.000000 -0.673695
vt 0.882353 0.500000
vn 0.850217 -0.000000 -0.526432
vt 0.911765 0.500000
vn 0.932472 -0.000000 -0.361242
vt 0.941176 0.500000
vn 0.982973 -0.000000 -0.183749
vt 0.970588 0.500000
vn 1.000000 -0.000000 0.000000
vt 1.000000 0.500000
vn 0.995734 -0.092268 0.000000
vt 0.000000 0.470588
vn 0.978780 -0.092268 0.182966
vt 0.029412 0.470588
vn 0.928494 -0.092268 0.359701
vt 0.058824 0.470588
vn 0.846590 -0.092268 0.524186
vt 0.088235 0.470588
vn 0.735856 -0.092268 0.670822
vt 0.117647 0.470588
vn 0.600064 -0.092268 0.794613
vt 0.147059 0.470588
vn 0.443837 -0.092268 0.891345
vt 0.176471 0.470588
vn 0.272495 -0.092268 0.957723
vt 0.205882 0.470588
vn 0.091875 -0.092268 0.991486
vt 0.235294 0.470588
vn -0.091875 -0.092268 0.991486
vt 0.264706 0.470588
vn -0.272496 -0.092268 0.957723
vt 0.294118 0.470588
vn -0.443837 -0.092268 0.891345
vt 0.323529 0.470588
vn -0.600064 -0.092268 0.794613
vt 0.352941 0.470588
vn -0.735857 -0.092268 0.670822
vt 0.382353 0.470588
vn -0.846590 -0.092268 0.524186
vt 0.411765 0.470588
vn -0.928495 -0.092268 0.359701
vt 0.441176 0.470588
vn -0.978780 -0.092268 0.182966
vt 0.470588 0.470588
vn -0.995734 -0.092268 -0.000000
vt 0.500000 0.470588
vn -0.978780 -0.092268 -0.182966
vt 0.529412 0.470588
vn -0.928494 -0.092268 -0.359701
vt 0.558824 0.470588
vn -0.846590 -0.092268 -0.524187
vt 0.588235 0.470588
vn -0.735856 -0.092268 -0.670822
vt 0.617647 0.470588
vn -0.600064 -0.092268 -0.794613
vt 0.647059 0.470588
vn -0.443837 -0.092268 -0.891345
vt 0.676471 0.470588
vn -0.272495 -0.092268 -0.957723
vt 0.705882 0.470588
vn -0.091875 -0.092268 -0.991487
vt 0.735294 0.470588
vn 0.091875 -0.092268 -0.991486
vt 0.764706 0.470588
vn 0.272496 -0.092268 -0.957723
vt 0.794118 0.470588
vn 0.443837 -0.092268 -0.891344
vt 0.823529 0.470588
vn 0.600064 -0.092268 -0.794613
vt 0.852941 0.470588
vn 0.735857 -0.092268 -0.670822
vt 0.882353 0.470588
vn 0.846590 -0.092268 -0.524187
vt 0.911765 0.470588
vn 0.928494 -0.092268 -0.359701
vt 0.941176 0.470588
vn 0.978780 -0.092268 -0.182966
vt 0.970588 0.470588
vn 0.995734 -0.092268 0.000000
vt 1.000000 0.470588
vn 0.982973 -0.183750 0.000000
vt 0.000000 0.441176
vn 0.966236 -0.183750 0.180621
vt 0.029412 0.441176
vn 0.916595 -0.183750 0.355091
vt 0.058824 0.441176
vn 0.835741 -0.183750 0.517469
vt 0.088235 0.441176
vn 0.726426 -0.183750 0.662225
vt 0.117647 0.441176
vn 0.592374 -0.183750 0.784429
vt 0.147059 0.441176
vn 0.438149 -0.183750 0.879921
vt 0.176471 0.441176
vn 0.269003 -0.183750 0.945449
vt 0.205882 0.441176
vn 0.090697 -0.183750 0.978780
vt 0.235294 0.441176
vn -0.090697 -0.183750 0.978780
vt 0.264706 0.441176
vn -0.269003 -0.183750 0.945449
vt 0.294118 0.441176
vn -0.438149 -0.183750 0.879921
vt 0.323529 0.441176
vn -0.592374 -0.183750 0.784429
vt 0.352941 0.441176
vn -0.726426 -0.183750 0.662225
vt 0.382353 0.441176
vn -0.835741 -0.183750 0.517468
vt 0.411765 0.441176
vn -0.916595 -0.183750 0.355091
vt 0.441176 0.441176
vn -0.966236 -0.183750 0.180621
vt 0.470588 0.441176
vn -0.982973 -0.183750 -0.000000
vt 0.500000 0.441176
vn -0.966236 -0.183750 -0.180621
vt 0.529412 0.441176
vn -0.916595 -0.183750 -0.355091
vt 0.558824 0.441176
vn -0.835741 -0.183750 -0.517469
vt 0.588235 0.441176
vn -0.726426 -0.183750 -0.662225
vt 0.617647 0.441176
vn -0.592373 -0.183750 -0.784430
vt 0.647059 0.441176
vn -0.438149 -0.183750 -0.879921
vt 0.676471 0.441176
vn -0.269003 -0.183750 -0.945449
vt 0.705882 0.441176
vn -0.090697 -0.183750 -0.978780
vt 0.735294 0.441176
vn 0.090698 -0.183750 -0.978780
vt 0.764706 0.441176
vn 0.269004 -0.183750 -0.945449
vt 0.794118 0.441176
vn 0.438149 -0.183750 -0.879921
vt 0.823529 0.441176
vn 0.592374 -0.183750 -0.784429
vt 0.852941 0.441176
vn 0.726426 -0.183750 -0.662224
vt 0.882353 0.441176
vn 0.835741 -0.183750 -0.517469
vt 0.911765 0.441176
vn 0.916595 -0.183750 -0.355091
vt 0.941176 0.441176
vn 0.966236 -0.183750 -0.180621
vt 0.970588 0.441176
vn 0.982973 -0.183750 0.000000
vt 1.000000 0.441176
vn 0.961826 -0.273663 0.000000
vt 0.000000 0.411765
vn 0.945449 -0.273663 0.176735
vt 0.029412 0.411765
vn 0.896876 -0.273663 0.347451
vt 0.058824 0.411765
vn 0.817761 -0.273663 0.506336
vt 0.088235 0.411765
vn 0.710798 -0.273663 0.647978
vt 0.117647 0.411765
vn 0.579629 -0.273663 0.767553
vt 0.147059 0.411765
vn 0.428723 -0.273663 0.860991
vt 0.176471 0.411765
vn 0.263216 -0.273663 0.925109
vt 0.205882 0.411765
vn 0.088746 -0.273663 0.957723
vt 0.235294 0.411765
vn -0.088746 -0.273663 0.957723
vt 0.264706 0.411765
vn -0.263216 -0.273663 0.925108
vt 0.294118 0.411765
vn -0.428723 -0.273663 0.860991
vt 0.323529 0.411765
vn -0.579629 -0.273663 0.767553
vt 0.352941 0.411765
vn -0.710798 -0.273663 0.647978
vt 0.382353 0.411765
vn -0.817761 -0.273663 0.506336
vt 0.411765 0.411765
vn -0.896876 -0.273663 0.347451
vt 0.441176 0.411765
vn -0.945449 -0.273663 0.176735
vt 0.470588 0.411765
vn -0.961826 -0.273663 -0.000000
vt 0.500000 0.411765
vn -0.945449 -0.273663 -0.176735
vt 0.529412 0.411765
vn -0.896876 -0.273663 -0.347452
vt 0.558824 0.411765
vn -0.817761 -0.273663 -0.506336
vt 0.588235 0.411765
vn -0.710797 -0.273663 -0.647978
vt 0.617647 0.411765
vn -0.579629 -0.273663 -0.767554
vt 0.647059 0.411765
vn -0.428723 -0.273663 -0.860991
vt 0.676471 0.411765
vn -0.263216 -0.273663 -0.925109
vt 0.705882 0.411765
vn -0.088746 -0.273663 -0.957723
vt 0.735294 0.411765
vn 0.088746 -0.273663 -0.957723
vt 0.764706 0.411765
vn 0.263216 -0.273663 -0.925108
vt 0.794118 0.411765
vn 0.428723 -0.273663 -0.860991
vt 0.823529 0.411765
vn 0.579630 -0.273663 -0.767553
vt 0.852941 0.411765
vn 0.710798 -0.273663 -0.647978
vt 0.882353 0.411765
vn 0.817761 -0.273663 -0.506336
vt 0.911765 0.411765
vn 0.896876 -0.273663 -0.347452
vt 0.941176 0.411765
vn 0.945449 -0.273663 -0.176735
vt 0.970588 0.411765
vn 0.961826 -0.273663 0.000000
vt 1.000000 0.411765
vn 0.932472 -0.361242 0.000000
vt 0.000000 0.382353
vn 0.916595 -0.361242 0.171341
vt 0.029412 0.382353
vn 0.869504 -0.361242 0.336848
vt 0.058824 0.382353
vn 0.792804 -0.361242 0.490883
vt 0.088235 0.382353
vn 0.689105 -0.361242 0.628202
vt 0.117647 0.382353
vn 0.561940 -0.361242 0.744129
vt 0.147059 0.382353
vn 0.415639 -0.361242 0.834715
vt 0.176471 0.382353
vn 0.255183 -0.361242 0.896876
vt 0.205882 0.382353
vn 0.086038 -0.361242 0.928494
vt 0.235294 0.382353
vn -0.086038 -0.361242 0.928494
vt 0.264706 0.382353
vn -0.255183 -0.361242 0.896876
vt 0.294118 0.382353
vn -0.415639 -0.361242 0.834715
vt 0.323529 0.382353
vn -0.561940 -0.361242 0.744129
vt 0.352941 0.382353
vn -0.689105 -0.361242 0.628202
vt 0.382353 0.382353
vn -0.792804 -0.361242 0.490883
vt 0.411765 0.382353
vn -0.869504 -0.361242 0.336848
vt 0.441176 0.382353
vn -0.916595 -0.361242 0.171341
vt 0.470588 0.382353
vn -0.932472 -0.361242 -0.000000
vt 0.500000 0.382353
vn -0.916595 -0.361242 -0.171341
vt 0.529412 0.382353
vn -0.869504 -0.361242 -0.336848
vt 0.558824 0.382353
vn -0.792804 -0.361242 -0.490883
vt 0.588235 0.382353
vn -0.689105 -0.361242 -0.628203
vt 0.617647 0.382353
vn -0.561940 -0.361242 -0.744129
vt 0.647059 0.382353
vn -0.415639 -0.361242 -0.834715
vt 0.676471 0.382353
vn -0.255183 -0.361242 -0.896876
vt 0.705882 0.382353
vn -0.086037 -0.361242 -0.928494
vt 0.735294 0.382353
vn 0.086038 -0.361242 -0.928494
vt 0.764706 0.382353
vn 0.255183 -0.361242 -0.896876
vt 0.794118 0.382353
vn 0.415639 -0.361242 -0.834715
vt 0.823529 0.382353
vn 0.561940 -0.361242 -0.744129
vt 0.852941 0.382353
vn 0.689105 -0.361242 -0.628202
vt 0.882353 0.382353
vn 0.792804 -0.361242 -0.490883
vt 0.911765 0.382353
vn 0.869504 -0.361242 -0.336848
vt 0.941176 0.382353
vn 0.916595 -0.361242 -0.171341
vt 0.970588 0.382353
vn 0.932472 -0.361242 0.000000
vt 1.000000 0.382353
vn 0.895163 -0.445739 0.000000
vt 0.000000 0.352941
vn 0.879921 -0.445739 0.164486
vt 0.029412 0.352941
vn 0.834715 -0.445739 0.323370
vt 0.058824 0.352941
vn 0.761083 -0.445739 0.471243
vt 0.088235 0.352941
vn 0.661534 -0.445739 0.603068
vt 0.117647 0.352941
vn 0.539456 -0.445739 0.714356
vt 0.147059 0.352941
vn 0.399009 -0.445739 0.801317
vt 0.176471 0.352941
vn 0.244973 -0.445739 0.860991
vt 0.205882 0.352941
vn 0.082595 -0.445739 0.891345
vt 0.235294 0.352941
vn -0.082595 -0.445739 0.891345
vt 0.264706 0.352941
vn -0.244973 -0.445739 0.860991
vt 0.294118 0.352941
vn -0.399009 -0.445739 0.801317
vt 0.323529 0.352941
vn -0.539456 -0.445739 0.714356
vt 0.352941 0.352941
vn -0.661534 -0.445739 0.603067
vt 0.382353 0.352941
vn -0.761083 -0.445739 0.471242
vt 0.411765 0.352941
vn -0.834715 -0.445739 0.323370
vt 0.441176 0.352941
vn -0.879921 -0.445739 0.164486
vt 0.470588 0.352941
vn -0.895163 -0.445739 -0.000000
vt 0.500000 0.352941
vn -0.879921 -0.445739 -0.164486
vt 0.529412 0.352941
vn -0.834715 -0.445739 -0.323370
vt 0.558824 0.352941
vn -0.761083 -0.445739 -0.471243
vt 0.588235 0.352941
vn -0.661533 -0.445739 -0.603068
vt 0.617647 0.352941
vn -0.539456 -0.445739 -0.714356
vt 0.647059 0.352941
vn -0.399009 -0.445739 -0.801317
vt 0.676471 0.352941
vn -0.244973 -0.445739 -0.860991
vt 0.705882 0.352941
vn -0.082595 -0.445739 -0.891345
vt 0.735294 0.352941
vn 0.082596 -0.445739 -0.891345
vt 0.764706 0.352941
vn 0.244973 -0.445739 -0.860991
vt 0.794118 0.352941
vn 0.399009 -0.445739 -0.801317
vt 0.823529 0.352941
vn 0.539456 -0.445739 -0.714356
vt 0.852941 0.352941
vn 0.661534 -0.445739 -0.603067
vt 0.882353 0.352941
vn 0.761083 -0.445739 -0.471243
vt 0.911765 0.352941
vn 0.834715 -0.445739 -0.323370
vt 0.941176 0.352941
vn 0.879921 -0.445739 -0.164486
vt 0.970588 0.352941
vn 0.895163 -0.445739 0.000000
vt 1.000000 0.352941
vn 0.850217 -0.526432 0.000000
vt 0.000000 0.323529
vn 0.835741 -0.526432 0.156227
vt 0.029412 0.323529
vn 0.792804 -0.526432 0.307134
vt 0.058824 0.323529
vn 0.722869 -0.526432 0.447582
vt 0.088235 0.323529
vn 0.628318 -0.526432 0.572788
vt 0.117647 0.323529
vn 0.512370 -0.526432 0.678488
vt 0.147059 0.323529
vn 0.378974 -0.526432 0.761083
vt 0.176471 0.323529
vn 0.232673 -0.526432 0.817761
vt 0.205882 0.323529
vn 0.078448 -0.526432 0.846590
vt 0.235294 0.323529
vn -0.078448 -0.526432 0.846590
vt 0.264706 0.323529
vn -0.232673 -0.526432 0.817761
vt 0.294118 0.323529
vn -0.378975 -0.526432 0.761083
vt 0.323529 0.323529
vn -0.512370 -0.526432 0.678488
vt 0.352941 0.323529
vn -0.628318 -0.526432 0.572787
vt 0.382353 0.323529
vn -0.722869 -0.526432 0.447581
vt 0.411765 0.323529
vn -0.792804 -0.526432 0.307134
vt 0.441176 0.323529
vn -0.835741 -0.526432 0.156227
vt 0.470588 0.323529
vn -0.850217 -0.526432 -0.000000
vt 0.500000 0.323529
vn -0.835741 -0.526432 -0.156227
vt 0.529412 0.323529
vn -0.792804 -0.526432 -0.307134
vt 0.558824 0.323529
vn -0.722869 -0.526432 -0.447582
vt 0.588235 0.323529
vn -0.628318 -0.526432 -0.572788
vt 0.617647 0.323529
vn -0.512370 -0.526432 -0.678488
vt 0.647059 0.323529
vn -0.378974 -0.526432 -0.761083
vt 0.676471 0.323529
vn -0.232673 -0.526432 -0.817761
vt 0.705882 0.323529
vn -0.078448 -0.526432 -0.846590
vt 0.735294 0.323529
vn 0.078448 -0.526432 -0.846590
vt 0.764706 0.323529
vn 0.232673 -0.526432 -0.817761
vt 0.794118 0.323529
vn 0.378975 -0.526432 -0.761083
vt 0.823529 0.323529
vn 0.512370 -0.526432 -0.678488
vt 0.852941 0.323529
vn 0.628318 -0.526432 -0.572787
vt 0.882353 0.323529
vn 0.722869 -0.526432 -0.447582
vt 0.911765 0.323529
vn 0.792804 -0.526432 -0.307134
vt 0.941176 0.323529
vn 0.835741 -0.526432 -0.156227
vt 0.970588 0.323529
vn 0.850217 -0.526432 0.000000
vt 1.000000 0.323529
vn 0.798017 -0.602635 0.000000
vt 0.000000 0.294118
vn 0.784429 -0.602635 0.146635
vt 0.029412 0.294118
vn 0.744129 -0.602635 0.288277
vt 0.058824 0.294118
vn 0.678488 -0.602635 0.420102
vt 0.088235 0.294118
vn 0.589742 -0.602635 0.537621
vt 0.117647 0.294118
vn 0.480913 -0.602635 0.636832
vt 0.147059 0.294118
vn 0.355707 -0.602635 0.714356
vt 0.176471 0.294118
vn 0.218388 -0.602635 0.767553
vt 0.205882 0.294118
vn 0.073632 -0.602635 0.794613
vt 0.235294 0.294118
vn -0.073632 -0.602635 0.794613
vt 0.264706 0.294118
vn -0.218388 -0.602635 0.767553
vt 0.294118 0.294118
vn -0.355707 -0.602635 0.714356
vt 0.323529 0.294118
vn -0.480913 -0.602635 0.636831
vt 0.352941 0.294118
vn -0.589742 -0.602635 0.537621
vt 0.382353 0.294118
vn -0.678488 -0.602635 0.420102
vt 0.411765 0.294118
vn -0.744129 -0.602635 0.288277
vt 0.441176 0.294118
vn -0.784429 -0.602635 0.146635
vt 0.470588 0.294118
vn -0.798017 -0.602635 -0.000000
vt 0.500000 0.294118
vn -0.784429 -0.602635 -0.146635
vt 0.529412 0.294118
vn -0.744129 -0.602635 -0.288277
vt 0.558824 0.294118
vn -0.678488 -0.602635 -0.420102
vt 0.588235 0.294118
vn -0.589742 -0.602635 -0.537621
vt 0.617647 0.294118
vn -0.480913 -0.602635 -0.636832
vt 0.647059 0.294118
vn -0.355707 -0.602635 -0.714356
vt 0.676471 0.294118
vn -0.218388 -0.602635 -0.767553
vt 0.705882 0.294118
vn -0.073632 -0.602635 -0.794613
vt 0.735294 0.294118
vn 0.073632 -0.602635 -0.794613
vt 0.764706 0.294118
vn 0.218388 -0.602635 -0.767553
vt 0.794118 0.294118
vn 0.355707 -0.602635 -0.714356
vt 0.823529 0.294118
vn 0.480913 -0.602635 -0.636831
vt 0.852941 0.294118
vn 0.589742 -0.602635 -0.537621
vt 0.882353 0.294118
vn 0.678488 -0.602635 -0.420102
vt 0.911765 0.294118
vn 0.744129 -0.602635 -0.288277
vt 0.941176 0.294118
vn 0.784429 -0.602635 -0.146635
vt 0.970588 0.294118
vn 0.798017 -0.602635 0.000000
vt 1.000000 0.294118
vn 0.739009 -0.673696 0.000000
vt 0.000000 0.264706
vn 0.726426 -0.673696 0.135793
vt 0.029412 0.264706
vn 0.689105 -0.673696 0.266961
vt 0.058824 0.264706
vn 0.628318 -0.673696 0.389038
vt 0.088235 0.264706
vn 0.546134 -0.673696 0.497867
vt 0.117647 0.264706
vn 0.445352 -0.673696 0.589742
vt 0.147059 0.264706
vn 0.329405 -0.673696 0.661534
vt 0.176471 0.264706
vn 0.202239 -0.673696 0.710798
vt 0.205882 0.264706
vn 0.068187 -0.673696 0.735856
vt 0.235294 0.264706
vn -0.068187 -0.673696 0.735856
vt 0.264706 0.264706
vn -0.202239 -0.673696 0.710798
vt 0.294118 0.264706
vn -0.329405 -0.673696 0.661534
vt 0.323529 0.264706
vn -0.445352 -0.673696 0.589742
vt 0.352941 0.264706
vn -0.546134 -0.673696 0.497867
vt 0.382353 0.264706
vn -0.628318 -0.673696 0.389038
vt 0.411765 0.264706
vn -0.689105 -0.673696 0.266961
vt 0.441176 0.264706
vn -0.726426 -0.673696 0.135793
vt 0.470588 0.264706
vn -0.739009 -0.673696 -0.000000
vt 0.500000 0.264706
vn -0.726426 -0.673696 -0.135792
vt 0.529412 0.264706
vn -0.689105 -0.673696 -0.266961
vt 0.558824 0.264706
vn -0.628318 -0.673696 -0.389038
vt 0.588235 0.264706
vn -0.546134 -0.673696 -0.497867
vt 0.617647 0.264706
vn -0.445352 -0.673696 -0.589742
vt 0.647059 0.264706
vn -0.329405 -0.673696 -0.661534
vt 0.676471 0.264706
vn -0.202239 -0.673696 -0.710798
vt 0.705882 0.264706
vn -0.068187 -0.673696 -0.735856
vt 0.735294 0.264706
vn 0.068187 -0.673696 -0.735856
vt 0.764706 0.264706
vn 0.202240 -0.673696 -0.710798
vt 0.794118 0.264706
vn 0.329405 -0.673696 -0.661533
vt 0.823529 0.264706
vn 0.445352 -0.673696 -0.589742
vt 0.852941 0.264706
vn 0.546134 -0.673696 -0.497867
vt 0.882353 0.264706
vn 0.628318 -0.673696 -0.389038
vt 0.911765 0.264706
vn 0.689105 -0.673696 -0.266961
vt 0.941176 0.264706
vn 0.726426 -0.673696 -0.135792
vt 0.970588 0.264706
vn 0.739009 -0.673696 0.000000
vt 1.000000 0.264706
vn 0.673696 -0.739009 0.000000
vt 0.000000 0.235294
vn 0.662225 -0.739009 0.123791
vt 0.029412 0.235294
vn 0.628202 -0.739009 0.243367
vt 0.058824 0.235294
vn 0.572787 -0.739009 0.354655
vt 0.088235 0.235294
vn 0.497867 -0.739009 0.453866
vt 0.117647 0.235294
vn 0.405992 -0.739009 0.537621
vt 0.147059 0.235294
vn 0.300292 -0.739009 0.603068
vt 0.176471 0.235294
vn 0.184365 -0.739009 0.647978
vt 0.205882 0.235294
vn 0.062161 -0.739009 0.670822
vt 0.235294 0.235294
vn -0.062161 -0.739009 0.670822
vt 0.264706 0.235294
vn -0.184366 -0.739009 0.647978
vt 0.294118 0.235294
vn -0.300292 -0.739009 0.603067
vt 0.323529 0.235294
vn -0.405992 -0.739009 0.537621
vt 0.352941 0.235294
vn -0.497867 -0.739009 0.453866
vt 0.382353 0.235294
vn -0.572788 -0.739009 0.354655
vt 0.411765 0.235294
vn -0.628202 -0.739009 0.243367
vt 0.441176 0.235294
vn -0.662225 -0.739009 0.123791
vt 0.470588 0.235294
vn -0.673696 -0.739009 -0.000000
vt 0.500000 0.235294
vn -0.662225 -0.739009 -0.123791
vt 0.529412 0.235294
vn -0.628202 -0.739009 -0.243367
vt 0.558824 0.235294
vn -0.572787 -0.739009 -0.354655
vt 0.588235 0.235294
vn -0.497867 -0.739009 -0.453866
vt 0.617647 0.235294
vn -0.405992 -0.739009 -0.537621
vt 0.647059 0.235294
vn -0.300292 -0.739009 -0.603068
vt 0.676471 0.235294
vn -0.184365 -0.739009 -0.647978
vt 0.705882 0.235294
vn -0.062161 -0.739009 -0.670822
vt 0.735294 0.235294
vn 0.062161 -0.739009 -0.670822
vt 0.764706 0.235294
vn 0.184366 -0.739009 -0.647978
vt 0.794118 0.235294
vn 0.300292 -0.739009 -0.603067
vt 0.823529 0.235294
vn 0.405992 -0.739009 -0.537621
vt 0.852941 0.235294
vn 0.497867 -0.739009 -0.453866
vt 0.882353 0.235294
vn 0.572787 -0.739009 -0.354655
vt 0.911765 0.235294
vn 0.628202 -0.739009 -0.243367
vt 0.941176 0.235294
vn 0.662225 -0.739009 -0.123791
vt 0.970588 0.235294
vn 0.673696 -0.739009 0.000000
vt 1.000000 0.235294
vn 0.602634 -0.798017 0.000000
vt 0.000000 0.205882
vn 0.592373 -0.798017 0.110734
vt 0.029412 0.205882
vn 0.561940 -0.798017 0.217697
vt 0.058824 0.205882
vn 0.512370 -0.798017 0.317246
vt 0.088235 0.205882
vn 0.445352 -0.798017 0.405992
vt 0.117647 0.205882
vn 0.363168 -0.798017 0.480913
vt 0.147059 0.205882
vn 0.268617 -0.798017 0.539456
vt 0.176471 0.205882
vn 0.164919 -0.798017 0.579629
vt 0.205882 0.205882
vn 0.055604 -0.798017 0.600064
vt 0.235294 0.205882
vn -0.055604 -0.798017 0.600064
vt 0.264706 0.205882
vn -0.164919 -0.798017 0.579629
vt 0.294118 0.205882
vn -0.268617 -0.798017 0.539456
vt 0.323529 0.205882
vn -0.363168 -0.798017 0.480913
vt 0.352941 0.205882
vn -0.445352 -0.798017 0.405992
vt 0.382353 0.205882
vn -0.512370 -0.798017 0.317246
vt 0.411765 0.205882
vn -0.561940 -0.798017 0.217697
vt 0.441176 0.205882
vn -0.592373 -0.798017 0.110734
vt 0.470588 0.205882
vn -0.602634 -0.798017 -0.000000
vt 0.500000 0.205882
vn -0.592373 -0.798017 -0.110734
vt 0.529412 0.205882
vn -0.561940 -0.798017 -0.217697
vt 0.558824 0.205882
vn -0.512370 -0.798017 -0.317246
vt 0.588235 0.205882
vn -0.445352 -0.798017 -0.405992
vt 0.617647 0.205882
vn -0.363168 -0.798017 -0.480913
vt 0.647059 0.205882
vn -0.268617 -0.798017 -0.539456
vt 0.676471 0.205882
vn -0.164919 -0.798017 -0.579629
vt 0.705882 0.205882
vn -0.055604 -0.798017 -0.600064
vt 0.735294 0.205882
vn 0.055604 -0.798017 -0.600064
vt 0.764706 0.205882
vn 0.164919 -0.798017 -0.579629
vt 0.794118 0.205882
vn 0.268618 -0.798017 -0.539456
vt 0.823529 0.205882
vn 0.363168 -0.798017 -0.480913
vt 0.852941 0.205882
vn 0.445352 -0.798017 -0.405992
vt 0.882353 0.205882
vn 0.512370 -0.798017 -0.317246
vt 0.911765 0.205882
vn 0.561940 -0.798017 -0.217697
vt 0.941176 0.205882
vn 0.592373 -0.798017 -0.110734
vt 0.970588 0.205882
vn 0.602634 -0.798017 0.000000
vt 1.000000 0.205882
vn 0.526432 -0.850217 0.000000
vt 0.000000 0.176471
vn 0.517468 -0.850217 0.096732
vt 0.029412 0.176471
vn 0.490883 -0.850217 0.190169
vt 0.058824 0.176471
vn 0.447581 -0.850217 0.277131
vt 0.088235 0.176471
vn 0.389038 -0.850217 0.354655
vt 0.117647 0.176471
vn 0.317246 -0.850217 0.420102
vt 0.147059 0.176471
vn 0.234651 -0.850217 0.471243
vt 0.176471 0.176471
vn 0.144065 -0.850217 0.506336
vt 0.205882 0.176471
vn 0.048573 -0.850217 0.524186
vt 0.235294 0.176471
vn -0.048573 -0.850217 0.524186
vt 0.264706 0.176471
vn -0.144065 -0.850217 0.506336
vt 0.294118 0.176471
vn -0.234651 -0.850217 0.471242
vt 0.323529 0.176471
vn -0.317246 -0.850217 0.420102
vt 0.352941 0.176471
vn -0.389038 -0.850217 0.354655
vt 0.382353 0.176471
vn -0.447582 -0.850217 0.277131
vt 0.411765 0.176471
vn -0.490883 -0.850217 0.190169
vt 0.441176 0.176471
vn -0.517468 -0.850217 0.096732
vt 0.470588 0.176471
vn -0.526432 -0.850217 -0.000000
vt 0.500000 0.176471
vn -0.517468 -0.850217 -0.096732
vt 0.529412 0.176471
vn -0.490883 -0.850217 -0.190169
vt 0.558824 0.176471
vn -0.447581 -0.850217 -0.277131
vt 0.588235 0.176471
vn -0.389038 -0.850217 -0.354655
vt 0.617647 0.176471
vn -0.317246 -0.850217 -0.420102
vt 0.647059 0.176471
vn -0.234651 -0.850217 -0.471243
vt 0.676471 0.176471
vn -0.144065 -0.850217 -0.506336
vt 0.705882 0.176471
vn -0.048573 -0.850217 -0.524186
vt 0.735294 0.176471
vn 0.048573 -0.850217 -0.524186
vt 0.764706 0.176471
vn 0.144065 -0.850217 -0.506336
vt 0.794118 0.176471
vn 0.234651 -0.850217 -0.471242
vt 0.823529 0.176471
vn 0.317246 -0.850217 -0.420102
vt 0.852941 0.176471
vn 0.389038 -0.850217 -0.354655
vt 0.882353 0.176471
vn 0.447581 -0.850217 -0.277131
vt 0.911765 0.176471
vn 0.490883 -0.850217 -0.190169
vt 0.941176 0.176471
vn 0.517468 -0.850217 -0.096732
vt 0.970588 0.176471
vn 0.526432 -0.850217 0.000000
vt 1.000000 0.176471
vn 0.445738 -0.895163 0.000000
vt 0.000000 0.147059
vn 0.438149 -0.895163 0.081904
vt 0.029412 0.147059
vn 0.415639 -0.895163 0.161019
vt 0.058824 0.147059
vn 0.378974 -0.895163 0.234651
vt 0.088235 0.147059
vn 0.329405 -0.895163 0.300292
vt 0.117647 0.147059
vn 0.268617 -0.895163 0.355707
vt 0.147059 0.147059
vn 0.198683 -0.895163 0.399009
vt 0.176471 0.147059
vn 0.121982 -0.895163 0.428723
vt 0.205882 0.147059
vn 0.041128 -0.895163 0.443837
vt 0.235294 0.147059
vn -0.041128 -0.895163 0.443837
vt 0.264706 0.147059
vn -0.121982 -0.895163 0.428723
vt 0.294118 0.147059
vn -0.198683 -0.895163 0.399009
vt 0.323529 0.147059
vn -0.268617 -0.895163 0.355707
vt 0.352941 0.147059
vn -0.329405 -0.895163 0.300292
vt 0.382353 0.147059
vn -0.378974 -0.895163 0.234651
vt 0.411765 0.147059
vn -0.415639 -0.895163 0.161019
vt 0.441176 0.147059
vn -0.438149 -0.895163 0.081904
vt 0.470588 0.147059
vn -0.445738 -0.895163 -0.000000
vt 0.500000 0.147059
vn -0.438149 -0.895163 -0.081904
vt 0.529412 0.147059
vn -0.415639 -0.895163 -0.161019
vt 0.558824 0.147059
vn -0.378974 -0.895163 -0.234651
vt 0.588235 0.147059
vn -0.329404 -0.895163 -0.300292
vt 0.617647 0.147059
vn -0.268617 -0.895163 -0.355707
vt 0.647059 0.147059
vn -0.198683 -0.895163 -0.399009
vt 0.676471 0.147059
vn -0.121982 -0.895163 -0.428723
vt 0.705882 0.147059
vn -0.041127 -0.895163 -0.443837
vt 0.735294 0.147059
vn 0.041128 -0.895163 -0.443837
vt 0.764706 0.147059
vn 0.121982 -0.895163 -0.428722
vt 0.794118 0.147059
vn 0.198683 -0.895163 -0.399008
vt 0.823529 0.147059
vn 0.268617 -0.895163 -0.355707
vt 0.852941 0.147059
vn 0.329405 -0.895163 -0.300292
vt 0.882353 0.147059
vn 0.378974 -0.895163 -0.234651
vt 0.911765 0.147059
vn 0.415639 -0.895163 -0.161019
vt 0.941176 0.147059
vn 0.438149 -0.895163 -0.081904
vt 0.970588 0.147059
vn 0.445738 -0.895163 0.000000
vt 1.000000 0.147059
vn 0.361242 -0.932472 0.000000
vt 0.000000 0.117647
vn 0.355091 -0.932472 0.066378
vt 0.029412 0.117647
vn 0.336848 -0.932472 0.130496
vt 0.058824 0.117647
vn 0.307134 -0.932472 0.190169
vt 0.088235 0.117647
vn 0.266961 -0.932472 0.243367
vt 0.117647 0.117647
vn 0.217697 -0.932472 0.288277
vt 0.147059 0.117647
vn 0.161019 -0.932472 0.323370
vt 0.176471 0.117647
vn 0.098858 -0.932472 0.347451
vt 0.205882 0.117647
vn 0.033331 -0.932472 0.359701
vt 0.235294 0.117647
vn -0.033331 -0.932472 0.359701
vt 0.264706 0.117647
vn -0.098858 -0.932472 0.347451
vt 0.294118 0.117647
vn -0.161019 -0.932472 0.323370
vt 0.323529 0.117647
vn -0.217697 -0.932472 0.288277
vt 0.352941 0.117647
vn -0.266961 -0.932472 0.243367
vt 0.382353 0.117647
vn -0.307134 -0.932472 0.190169
vt 0.411765 0.117647
vn -0.336848 -0.932472 0.130495
vt 0.441176 0.117647
vn -0.355091 -0.932472 0.066378
vt 0.470588 0.117647
vn -0.361242 -0.932472 -0.000000
vt 0.500000 0.117647
vn -0.355091 -0.932472 -0.066378
vt 0.529412 0.117647
vn -0.336848 -0.932472 -0.130496
vt 0.558824 0.117647
vn -0.307134 -0.932472 -0.190169
vt 0.588235 0.117647
vn -0.266961 -0.932472 -0.243367
vt 0.617647 0.117647
vn -0.217697 -0.932472 -0.288277
vt 0.647059 0.117647
vn -0.161019 -0.932472 -0.323370
vt 0.676471 0.117647
vn -0.098858 -0.932472 -0.347451
vt 0.705882 0.117647
vn -0.033331 -0.932472 -0.359701
vt 0.735294 0.117647
vn 0.033331 -0.932472 -0.359701
vt 0.764706 0.117647
vn 0.098859 -0.932472 -0.347451
vt 0.794118 0.117647
vn 0.161019 -0.932472 -0.323370
vt 0.823529 0.117647
vn 0.217697 -0.932472 -0.288277
vt 0.852941 0.117647
vn 0.266961 -0.932472 -0.243367
vt 0.882353 0.117647
vn 0.307134 -0.932472 -0.190169
vt 0.911765 0.117647
vn 0.336848 -0.932472 -0.130496
vt 0.941176 0.117647
vn 0.355091 -0.932472 -0.066378
vt 0.970588 0.117647
vn 0.361242 -0.932472 0.000000
vt 1.000000 0.117647
vn 0.273663 -0.961826 0.000000
vt 0.000000 0.088235
vn 0.269003 -0.961826 0.050285
vt 0.029412 0.088235
vn 0.255183 -0.961826 0.098858
vt 0.058824 0.088235
vn 0.232673 -0.961826 0.144065
vt 0.088235 0.088235
vn 0.202239 -0.961826 0.184366
vt 0.117647 0.088235
vn 0.164919 -0.961826 0.218388
vt 0.147059 0.088235
vn 0.121982 -0.961826 0.244973
vt 0.176471 0.088235
vn 0.074891 -0.961826 0.263216
vt 0.205882 0.088235
vn 0.025250 -0.961826 0.272496
vt 0.235294 0.088235
vn -0.025250 -0.961826 0.272496
vt 0.264706 0.088235
vn -0.074891 -0.961826 0.263216
vt 0.294118 0.088235
vn -0.121982 -0.961826 0.244973
vt 0.323529 0.088235
vn -0.164919 -0.961826 0.218388
vt 0.352941 0.088235
vn -0.202239 -0.961826 0.184366
vt 0.382353 0.088235
vn -0.232673 -0.961826 0.144065
vt 0.411765 0.088235
vn -0.255183 -0.961826 0.098858
vt 0.441176 0.088235
vn -0.269003 -0.961826 0.050285
vt 0.470588 0.088235
vn -0.273663 -0.961826 -0.000000
vt 0.500000 0.088235
vn -0.269003 -0.961826 -0.050285
vt 0.529412 0.088235
vn -0.255183 -0.961826 -0.098859
vt 0.558824 0.088235
vn -0.232673 -0.961826 -0.144065
vt 0.588235 0.088235
vn -0.202239 -0.961826 -0.184366
vt 0.617647 0.088235
vn -0.164919 -0.961826 -0.218388
vt 0.647059 0.088235
vn -0.121982 -0.961826 -0.244973
vt 0.676471 0.088235
vn -0.074891 -0.961826 -0.263216
vt 0.705882 0.088235
vn -0.025250 -0.961826 -0.272496
vt 0.735294 0.088235
vn 0.025251 -0.961826 -0.272496
vt 0.764706 0.088235
vn 0.074892 -0.961826 -0.263216
vt 0.794118 0.088235
vn 0.121982 -0.961826 -0.244973
vt 0.823529 0.088235
vn 0.164919 -0.961826 -0.218388
vt 0.852941 0.088235
vn 0.202239 -0.961826 -0.184366
vt 0.882353 0.088235
vn 0.232673 -0.961826 -0.144065
vt 0.911765 0.088235
vn 0.255183 -0.961826 -0.098859
vt 0.941176 0.088235
vn 0.269003 -0.961826 -0.050285
vt 0.970588 0.088235
vn 0.273663 -0.961826 0.000000
vt 1.000000 0.088235
vn 0.183750 -0.982973 0.000000
vt 0.000000 0.058824
vn 0.180621 -0.982973 0.033764
vt 0.029412 0.058824
vn 0.171341 -0.982973 0.066378
vt 0.058824 0.058824
vn 0.156227 -0.982973 0.096732
vt 0.088235 0.058824
vn 0.135793 -0.982973 0.123791
vt 0.117647 0.058824
vn 0.110734 -0.982973 0.146635
vt 0.147059 0.058824
vn 0.081904 -0.982973 0.164486
vt 0.176471 0.058824
vn 0.050285 -0.982973 0.176735
vt 0.205882 0.058824
vn 0.016954 -0.982973 0.182966
vt 0.235294 0.058824
vn -0.016954 -0.982973 0.182966
vt 0.264706 0.058824
vn -0.050285 -0.982973 0.176735
vt 0.294118 0.058824
vn -0.081904 -0.982973 0.164486
vt 0.323529 0.058824
vn -0.110734 -0.982973 0.146635
vt 0.352941 0.058824
vn -0.135793 -0.982973 0.123791
vt 0.382353 0.058824
vn -0.156227 -0.982973 0.096732
vt 0.411765 0.058824
vn -0.171341 -0.982973 0.066378
vt 0.441176 0.058824
vn -0.180621 -0.982973 0.033764
vt 0.470588 0.058824
vn -0.183750 -0.982973 -0.000000
vt 0.500000 0.058824
vn -0.180621 -0.982973 -0.033764
vt 0.529412 0.058824
vn -0.171341 -0.982973 -0.066378
vt 0.558824 0.058824
vn -0.156227 -0.982973 -0.096732
vt 0.588235 0.058824
vn -0.135793 -0.982973 -0.123791
vt 0.617647 0.058824
vn -0.110734 -0.982973 -0.146635
vt 0.647059 0.058824
vn -0.081904 -0.982973 -0.164486
vt 0.676471 0.058824
vn -0.050285 -0.982973 -0.176735
vt 0.705882 0.058824
vn -0.016954 -0.982973 -0.182966
vt 0.735294 0.058824
vn 0.016954 -0.982973 -0.182966
vt 0.764706 0.058824
vn 0.050286 -0.982973 -0.176735
vt 0.794118 0.058824
vn 0.081904 -0.982973 -0.164486
vt 0.823529 0.058824
vn 0.110734 -0.982973 -0.146635
vt 0.852941 0.058824
vn 0.135793 -0.982973 -0.123791
vt 0.882353 0.058824
vn 0.156227 -0.982973 -0.096732
vt 0.911765 0.058824
vn 0.171341 -0.982973 -0.066378
vt 0.941176 0.058824
vn 0.180621 -0.982973 -0.033764
vt 0.970588 0.058824
vn 0.183750 -0.982973 0.000000
vt 1.000000 0.058824
vn 0.092268 -0.995734 0.000000
vt 0.000000 0.029412
vn 0.090697 -0.995734 0.016954
vt 0.029412 0.029412
vn 0.086038 -0.995734 0.033331
vt 0.058824 0.029412
vn 0.078448 -0.995734 0.048573
vt 0.088235 0.029412
vn 0.068187 -0.995734 0.062161
vt 0.117647 0.029412
vn 0.055604 -0.995734 0.073632
vt 0.147059 0.029412
vn 0.041128 -0.995734 0.082595
vt 0.176471 0.029412
vn 0.025250 -0.995734 0.088746
vt 0.205882 0.029412
vn 0.008513 -0.995734 0.091875
vt 0.235294 0.029412
vn -0.008513 -0.995734 0.091875
vt 0.264706 0.029412
vn -0.025250 -0.995734 0.088746
vt 0.294118 0.029412
vn -0.041128 -0.995734 0.082595
vt 0.323529 0.029412
vn -0.055604 -0.995734 0.073632
vt 0.352941 0.029412
vn -0.068187 -0.995734 0.062161
vt 0.382353 0.029412
vn -0.078448 -0.995734 0.048573
vt 0.411765 0.029412
vn -0.086038 -0.995734 0.033331
vt 0.441176 0.029412
vn -0.090697 -0.995734 0.016954
vt 0.470588 0.029412
vn -0.092268 -0.995734 -0.000000
vt 0.500000 0.029412
vn -0.090697 -0.995734 -0.016954
vt 0.529412 0.029412
vn -0.086038 -0.995734 -0.033331
vt 0.558824 0.029412
vn -0.078448 -0.995734 -0.048573
vt 0.588235 0.029412
vn -0.068187 -0.995734 -0.062161
vt 0.617647 0.029412
vn -0.055604 -0.995734 -0.073632
vt 0.647059 0.029412
vn -0.041128 -0.995734 -0.082595
vt 0.676471 0.029412
vn -0.025250 -0.995734 -0.088746
vt 0.705882 0.029412
vn -0.008513 -0.995734 -0.091875
vt 0.735294 0.029412
vn 0.008513 -0.995734 -0.091875
vt 0.764706 0.029412
vn 0.025250 -0.995734 -0.088746
vt 0.794118 0.029412
vn 0.041128 -0.995734 -0.082595
vt 0.823529 0.029412
vn 0.055604 -0.995734 -0.073632
vt 0.852941 0.029412
vn 0.068187 -0.995734 -0.062161
vt 0.882353 0.029412
vn 0.078448 -0.995734 -0.048573
vt 0.911765 0.029412
vn 0.086038 -0.995734 -0.033331
vt 0.941176 0.029412
vn 0.090697 -0.995734 -0.016954
vt 0.970588 0.029412
vn 0.092268 -0.995734 0.000000
vt 1.000000 0.029412
vn 0.000000 -1.000000 0.000000
vt 0.500000 0.000000
f 1/1/1 3/3/3 2/2/2
f 1/1/1 4/4/4 3/3/3
f 1/1/1 5/5/5 4/4/4
f 1/1/1 6/6/6 5/5/5
f 1/1/1 7/7/7 6/6/6
f 1/1/1 8/8/8 7/7/7
f 1/1/1 9/9/9 8/8/8
f 1/1/1 10/10/10 9/9/9
f 1/1/1 11/11/11 10/10/10
f 1/1/1 12/12/12 11/11/11
f 1/1/1 13/13/13 12/12/12
f 1/1/1 14/14/14 13/13/13
f 1/1/1 15/15/15 14/14/14
f 1/1/1 16/16/16 15/15/15
f 1/1/1 17/17/17 16/16/16
f 1/1/1 18/18/18 17/17/17
f 1/1/1 19/19/19 18/18/18
f 1/1/1 20/20/20 19/19/19
f 1/1/1 21/21/21 20/20/20
f 1/1/1 22/22/22 21/21/21
f 1/1/1 23/23/23 22/22/22
f 1/1/1 24/24/24 23/23/23
f 1/1/1 25/25/25 24/24/24
f 1/1/1 26/26/26 25/25/25
f 1/1/1 27/27/27 26/26/26
f 1/1/1 28/28/28 27/27/27
f 1/1/1 29/29/29 28/28/28
f 1/1/1 30/30/30 29/29/29
f 1/1/1 31/31/31 30/30/30
f 1/1/1 32/32/32 31/31/31
f 1/1/1 33/33/33 32/32/32
f 1/1/1 34/34/34 33/33/33
f 1/1/1 35/35/35 34/34/34
f 1/1/1 36/36/36 35/35/35
f 2/2/2 37/37/37 38/38/38
f 2/2/2 38/38/38 3/3/3
f 3/3/3 38/38/38 39/39/39
f 3/3/3 39/39/39 4/4/4
f 4/4/4 39/39/39 40/40/40
f 4/4/4 40/40/40 5/5/5
f 5/5/5 40/40/40 41/41/41
f 5/5/5 41/41/41 6/6/6
f 6/6/6 41/41/41 42/42/42
f 6/6/6 42/42/42 7/7/7
f 7/7/7 42/42/42 43/43/43
f 7/7/7 43/43/43 8/8/8
f 8/8/8 43/43/43 44/44/44
f 8/8/8 44/44/44 9/9/9
f 9/9/9 44/44/44 45/45/45
f 9/9/9 45/45/45 10/10/10
f 10/10/10 45/45/45 46/46/46
f 10/10/10 46/46/46 11/11/11
f 11/11/11 46/46/46 47/47/47
f 11/11/11 47/47/47 12/12/12
f 12/12/12 47/47/47 48/48/48
f 12/12/12 48/48/48 13/13/13
f 13/13/13 48/48/48 49/49/49
f 13/13/13 49/49/49 14/14/14
f 14/14/14 49/49/49 50/50/50
f 14/14/14 50/50/50 15/15/15
f 15/15/15 50/50/50 51/51/51
f 15/15/15 51/51/51 16/16/16
f 16/16/16 51/51/51 52/52/52
f 16/16/16 52/52/52 17/17/17
f 17/17/17 52/52/52 53/53/53
f 17/17/17 53/53/53 18/18/18
f 18/18/18 53/53/53 54/54/54
f 18/18/18 54/54/54 19/19/19
f 19/19/19 54/54/54 55/55/55
f 19/19/19 55/55/55 20/20/20
f 20/20/20 55/55/55 56/56/56
f 20/20/20 56/56/56 21/21/21
f 21/21/21 56/56/56 57/57/57
f 21/21/21 57/57/57 22/22/22
f 22/22/22 57/57/57 58/58/58
f 22/22/22 58/58/58 23/23/23
f 23/23/23 58/58/58 59/59/59
f 23/23/23 59/59/59 24/24/24
f 24/24/24 59/59/59 60/60/60
f 24/24/24 60/60/60 25/25/25
f 25/25/25 60/60/60 61/61/61
f 25/25/25 61/61/61 26/26/26
f 26/26/26 61/61/61 62/62/62
f 26/26/26 62/62/62 27/27/27
f 27/27/27 62/62/62 63/63/63
f 27/27/27 63/63/63 28/28/28
f 28/28/28 63/63/63 64/64/64
f 28/28/28 64/64/64 29/29/29
f 29/29/29 64/64/64 65/65/65
f 29/29/29 65/65/65 30/30/30
f 30/30/30 65/65/65 66/66/66
f 30/30/30 66/66/66 31/31/31
f 31/31/31 66/66/66 67/67/67
f 31/31/31 67/67/67 32/32/32
f 32/32/32 67/67/67 68/68/68
f 32/32/32 68/68/68 33/33/33
f 33/33/33 68/68/68 69/69/69
f 33/33/33 69/69/69 34/34/34
f 34/34/34 69/69/69 70/70/70
f 34/34/34 70/70/70 35/35/35
f 35/35/35 70/70/70 71/71/71
f 35/35/35 71/71/71 36/36/36
f 37/37/37 72/72/72 73/73/73
f 37/37/37 73/73/73 38/38/38
f 38/38/38 73/73/73 74/74/74
f 38/38/38 74/74/74 39/39/39
f 39/39/39 74/74/74 75/75/75
f 39/39/39 75/75/75 40/40/40
f 40/40/40 75/75/75 76/76/76
f 40/40/40 76/76/76 41/41/41
f 41/41/41 76/76/76 77/77/77
f 41/41/41 77/77/77 42/42/42
f 42/42/42 77/77/77 78/78/78
f 42/42/42 78/78/78 43/43/43
f 43/43/43 78/78/78 79/79/79
f 43/43/43 79/79/79 44/44/44
f 44/44/44 79/79/79 80/80/80
f 44/44/44 80/80/80 45/45/45
f 45/45/45 80/80/80 81/81/81
f 45/45/45 81/81/81 46/46/46
f 46/46/46 81/81/81 82/82/82
f 46/46/46 82/82/82 47/47/47
f 47/47/47 82/82/82 83/83/83
f 47/47/47 83/83/83 48/48/48
f 48/48/48 83/83/83 84/84/84
f 48/48/48 84/84/84 49/49/49
f 49/49/49 84/84/84 85/85/85
f 49/49/49 85/85/85 50/50/50
f 50/50/50 85/85/85 86/86/86
f 50/50/50 86/86/86 51/51/51
f 51/51/51 86/86/86 87/87/87
f 51/51/51 87/87/87 52/52/52
f 52/52/52 87/87/87 88/88/88
f 52/52/52 88/88/88 53/53/53
f 53/53/53 88/88/88 89/89/89
f 53/53/53 89/89/89 54/54/54
f 54/54/54 89/89/89 90/90/90
f 54/54/54 90/90/90 55/55/55
f 55/55/55 90/90/90 91/91/91
f 55/55/55 91/91/91 56/56/56
f 56/56/56 91/91/91 92/92/92
f 56/56/56 92/92/92 57/57/57
f 57/57/57 92/92/92 93/93/93
f 57/57/57 93/93/93 58/58/58
f 58/58/58 93/93/93 94/94/94
f 58/58/58 94/94/94 59/59/59
f 59/59/59 94/94/94 95/95/95
f 59/59/59 95/95/95 60/60/60
f 60/60/60 95/95/95 96/96/96
f 60/60/60 96/96/96 61/61/61
f 61/61/61 96/96/96 97/97/97
f 61/61/61 97/97/97 62/62/62
f 62/62/62 97/97/97 98/98/98
f 62/62/62 98/98/98 63/63/63
f 63/63/63 98/98/98 99/99/99
f 63/63/63 99/99/99 64/64/64
f 64/64/64 99/99/99 100/100/100
f 64/64/64 100/100/100 65/65/65
f 65/65/65 100/100/100 101/101/101
f 65/65/65 101/101/101 66/66/66
f 66/66/66 101/101/101 102/102/102
f 66/66/66 102/102/102 67/67/67
f 67/67/67 102/102/102 103/103/103
f 67/67/67 103/103/103 68/68/68
f 68/68/68 103/103/103 104/104/104
f 68/68/68 104/104/104 69/69/69
f 69/69/69 104/104/104 105/105/105
f 69/69/69 105/105/105 70/70/70
f 70/70/70 105/105/105 106/106/106
f 70/70/70 106/106/106 71/71/71
f 72/72/72 107/107/107 108/108/108
f 72/72/72 108/108/108 73/73/73
f 73/73/73 108/108/108 109/109/109
f 73/73/73 109/109/109 74/74/74
f 74/74/74 109/109/109 110/110/110
f 74/74/74 110/110/110 75/75/75
f 75/75/75 110/110/110 111/111/111
f 75/75/75 111/111/111 76/76/76
f 76/76/76 111/111/111 112/112/112
f 76/76/76 112/112/112 77/77/77
f 77/77/77 112/112/112 113/113/113
f 77/77/77 113/113/113 78/78/78
f 78/78/78 113/113/113 114/114/114
f 78/78/78 114/114/114 79/79/79
f 79/79/79 114/114/114 115/115/115
f 79/79/79 115/115/115 80/80/80
f 80/80/80 115/115/115 116/116/116
f 80/80/80 116/116/116 81/81/81
f 81/81/81 116/116/116 117/117/117
f 81/81/81 117/117/117 82/82/82
f 82/82/82 117/117/117 118/118/118
f 82/82/82 118/118/118 83/83/83
f 83/83/83 118/118/118 119/119/119
f 83/83/83 119/119/119 84/84/84
f 84/84/84 119/119/119 120/120/120
f 84/84/84 120/120/120 85/85/85
f 85/85/85 120/120/120 121/121/121
f 85/85/85 121/121/121 86/86/86
f 86/86/86 121/121/121 122/122/122
f 86/86/86 122/122/122 87/87/87
f 87/87/87 122/122/122 123/123/123
f 87/87/87 123/123/123 88/88/88
f 88/88/88 123/123/123 124/124/124
f 88/88/88 124/124/124 89/89/89
f 89/89/89 124/124/124 125/125/125
f 89/89/89 125/125/125 90/90/90
f 90/90/90 125/125/125 126/126/126
f 90/90/90 126/126/126 91/91/91
f 91/91/91 126/126/126 127/127/127
f 91/91/91 127/127/127 92/92/92
f 92/92/92 127/127/127 128/128/128
f 92/92/92 128/128/128 93/93/93
f 93/93/93 128/128/128 129/129/129
f 93/93/93 129/129/129 94/94/94
f 94/94/94 129/129/129 130/130/130
f 94/94/94 130/130/130 95/95/95
f 95/95/95 130/130/130 131/131/131
f 95/95/95 131/131/131 96/96/96
f 96/96/96 131/131/131 132/132/132
f 96/96/96 132/132/132 97/97/97
f 97/97/97 132/132/132 133/133/133
f 97/97/97 133/133/133 98/98/98
f 98/98/98 133/133/133 134/134/134
f 98/98/98 134/134/134 99/99/99
f 99/99/99 134/134/134 135/135/135
f 99/99/99 135/135/135 100/100/100
f 100/100/100 135/135/135 136/136/136
f 100/100/100 136/136/136 101/101/101
f 101/101/101 136/136/136 137/137/137
f 101/101/101 137/137/137 102/102/102
f 102/102/102 137/137/137 138/138/138
f 102/102/102 138/138/138 103/103/103
f 103/103/103 138/138/138 139/139/139
f 103/103/103 139/139/139 104/104/104
f 104/104/104 139/139/139 140/140/140
f 104/104/104 140/140/140 105/105/105
f 105/105/105 140/140/140 141/141/141
f 105/105/105 141/141/141 106/106/106
f 107/107/107 142/142/142 143/143/143
f 107/107/107 143/143/143 108/108/108
f 108/108/108 143/143/143 144/144/144
f 108/108/108 144/144/144 109/109/109
f 109/109/109 144/144/144 145/145/145
f 109/109/109 145/145/145 110/110/110
f 110/110/110 145/145/145 146/146/146
f 110/110/110 146/146/146 111/111/111
f 111/111/111 146/146/146 147/147/147
f 111/111/111 147/147/147 112/112/112
f 112/112/112 147/147/147 148/148/148
f 112/112/112 148/148/148 113/113/113
f 113/113/113 148/148/148 149/149/149
f 113/113/113 149/149/149 114/114/114
f 114/114/114 149/149/149 150/150/150
f 114/114/114 150/150/150 115/115/115
f 115/115/115 150/150/150 151/151/151
f 115/115/115 151/151/151 116/116/116
f 116/116/116 151/151/151 152/152/152
f 116/116/116 152/152/152 117/117/117
f 117/117/117 152/152/152 153/153/153
f 117/117/117 153/153/153 118/118/118
f 118/118/118 153/153/153 154/154/154
f 118/118/118 154/154/154 119/119/119
f 119/119/119 154/154/154 155/155/155
f 119/119/119 155/155/155 120/120/120
f 120/120/120 155/155/155 156/156/156
f 120/120/120 156/156/156 121/121/121
f 121/121/121 156/156/156 157/157/157
f 121/121/121 157/157/157 122/122/122
f 122/122/122 157/157/157 158/158/158
f 122/122/122 158/158/158 123/123/123
f 123/123/123 158/158/158 159/159/159
f 123/123/123 159/159/159 124/124/124
f 124/124/124 159/159/159 160/160/160
f 124/124/124 160/160/160 125/125/125
f 125/125/125 160/160/160 161/161/161
f 125/125/125 161/161/161 126/126/126
f 126/126/126 161/161/161 162/162/162
f 126/126/126 162/162/162 127/127/127
f 127/127/127 162/162/162 163/163/163
f 127/127/127 163/163/163 128/128/128
f 128/128/128 163/163/163 164/164/164
f 128/128/128 164/164/164 129/129/129
f 129/129/129 164/164/164 165/165/165
f 129/129/129 165/165/165 130/130/130
f 130/130/130 165/165/165 166/166/166
f 130/130/130 166/166/166 131/131/131
f 131/131/131 166/166/166 167/167/167
f 131/131/131 167/167/167 132/132/132
f 132/132/132 167/167/167 168/168/168
f 132/132/132 168/168/168 133/133/133
f 133/133/133 168/168/168 169/169/169
f 133/133/133 169/169/169 134/134/134
f 134/134/134 169/169/169 170/170/170
f 134/134/134 170/170/170 135/135/135
f 135/135/135 170/170/170 171/171/171
f 135/135/135 171/171/171 136/136/136
f 136/136/136 171/171/171 172/172/172
f 136/136/136 172/172/172 137/137/137
f 137/137/137 172/172/172 173/173/173
f 137/137/137 173/173/173 138/138/138
f 138/138/138 173/173/173 174/174/174
f 138/138/138 174/174/174 139/139/139
f 139/139/139 174/174/174 175/175/175
f 139/139/139 175/175/175 140/140/140
f 140/140/140 175/175/175 176/176/176
f 140/140/140 176/176/176 141/141/141
f 142/142/142 177/177/177 178/178/178
f 142/142/142 178/178/178 143/143/143
f 143/143/143 178/178/178 179/179/179
f 143/143/143 179/179/179 144/144/144
f 144/144/144 179/179/179 180/180/180
f 144/144/144 180/180/180 145/145/145
f 145/145/145 180/180/180 181/181/181
f 145/145/145 181/181/181 146/146/146
f 146/146/146 181/181/181 182/182/182
f 146/146/146 182/182/182 147/147/147
f 147/147/147 182/182/182 183/183/183
f 147/147/147 183/183/183 148/148/148
f 148/148/148 183/183/183 184/184/184
f 148/148/148 184/184/184 149/149/149
f 149/149/149 184/184/184 185/185/185
f 149/149/149 185/185/185 150/150/150
f 150/150/150 185/185/185 186/186/186
f 150/150/150 186/186/186 151/151/151
f 151/151/151 186/186/186 187/187/187
f 151/151/151 187/187/187 152/152/152
f 152/152/152 187/187/187 188/188/188
f 152/152/152 188/188/188 153/153/153
f 153/153/153 188/188/188 189/189/189
f 153/153/153 189/189/189 154/154/154
f 154/154/154 189/189/189 190/190/190
f 154/154/154 190/190/190 155/155/155
f 155/155/155 190/190/190 191/191/191
f 155/155/155 191/191/191 156/156/156
f 156/156/156 191/191/191 192/192/192
f 156/156/156 192/192/192 157/157/157
f 157/157/157 192/192/192 193/193/193
f 157/157/157 193/193/193 158/158/158
f 158/158/158 193/193/193 194/194/194
f 158/158/158 194/194/194 159/159/159
f 159/159/159 194/194/194 195/195/195
f 159/159/159 195/195/195 160/160/160
f 160/160/160 195/195/195 196/196/196
f 160/160/160 196/196/196 161/161/161
f 161/161/161 196/196/196 197/197/197
f 161/161/161 197/197/197 162/162/162
f 162/162/162 197/197/197 198/198/198
f 162/162/162 198/198/198 163/163/163
f 163/163/163 198/198/198 199/199/199
f 163/163/163 199/199/199 164/164/164
f 164/164/164 199/199/199 200/200/200
f 164/164/164 200/200/200 165/165/165
f 165/165/165 200/200/200 201/201/201
f 165/165/165 201/201/201 166/166/166
f 166/166/166 201/201/201 202/202/202
f 166/166/166 202/202/202 167/167/167
f 167/167/167 202/202/202 203/203/203
f 167/167/167 203/203/203 168/168/168
f 168/168/168 203/203/203 204/204/204
f 168/168/168 204/204/204 169/169/169
f 169/169/169 204/204/204 205/205/205
f 169/169/169 205/205/205 170/170/170
f 170/170/170 205/205/205 206/206/206
f 170/170/170 206/206/206 171/171/171
f 171/171/171 206/206/206 207/207/207
f 171/171/171 207/207/207 172/172/172
f 172/172/172 207/207/207 208/208/208
f 172/172/172 208/208/208 173/173/173
f 173/173/173 208/208/208 209/209/209
f 173/173/173 209/209/209 174/174/174
f 174/174/174 209/209/209 210/210/210
f 174/174/174 210/210/210 175/175/175
f 175/175/175 210/210/210 211/211/211
f 175/175/175 211/211/211 176/176/176
f 177/177/177 212/212/212 213/213/213
f 177/177/177 213/213/213 178/178/178
f 178/178/178 213/213/213 214/214/214
f 178/178/178 214/214/214 179/179/179
f 179/179/179 214/214/214 215/215/215
f 179/179/179 215/215/215 180/180/180
f 180/180/180 215/215/215 216/216/216
f 180/180/180 216/216/216 181/181/181
f 181/181/181 216/216/216 217/217/217
f 181/181/181 217/217/217 182/182/182
f 182/182/182 217/217/217 218/218/218
f 182/182/182 218/218/218 183/183/183
f 183/183/183 218/218/218 219/219/219
f 183/183/183 219/219/219 184/184/184
f 184/184/184 219/219/219 220/220/220
f 184/184/184 220/220/220 185/185/185
f 185/185/185 220/220/220 221/221/221
f 185/185/185 221/221/221 186/186/186
f 186/186/186 221/221/221 222/222/222
f 186/186/186 222/222/222 187/187/187
f 187/187/187 222/222/222 223/223/223
f 187/187/187 223/223/223 188/188/188
f 188/188/188 223/223/223 224/224/224
f 188/188/188 224/224/224 189/189/189
f 189/189/189 224/224/224 225/225/225
f 189/189/189 225/225/225 190/190/190
f 190/190/190 225/225/225 226/226/226
f 190/190/190 226/226/226 191/191/191
f 191/191/191 226/226/226 227/227/227
f 191/191/191 227/227/227 192/192/192
f 192/192/192 227/227/227 228/228/228
f 192/192/192 228/228/228 193/193/193
f 193/193/193 228/228/228 229/229/229
f 193/193/193 229/229/229 194/194/194
f 194/194/194 229/229/229 230/230/230
f 194/194/194 230/230/230 195/195/195
f 195/195/195 230/230/230 231/231/231
f 195/195/195 231/231/231 196/196/196
f 196/196/196 231/231/231 232/232/232
f 196/196/196 232/232/232 197/197/197
f 197/197/197 232/232/232 233/233/233
f 197/197/197 233/233/233 198/198/198
f 198/198/198 233/233/233 234/234/234
f 198/198/198 234/234/234 199/199/199
f 199/199/199 234/234/234 235/235/235
f 199/199/199 235/235/235 200/200/200
f 200/200/200 235/235/235 236/236/236
f 200/200/200 236/236/236 201/201/201
f 201/201/201 236/236/236 237/237/237
f 201/201/201 237/237/237 202/202/202
f 202/202/202 237/237/237 238/238/238
f 202/202/202 238/238/238 203/203/203
f 203/203/203 238/238/238 239/239/239
f 203/203/203 239/239/239 204/204/204
f 204/204/204 239/239/239 240/240/240
f 204/204/204 240/240/240 205/205/205
f 205/205/205 240/240/240 241/241/241
f 205/205/205 241/241/241 206/206/206
f 206/206/206 241/241/241 242/242/242
f 206/206/206 242/242/242 207/207/207
f 207/207/207 242/242/242 243/243/243
f 207/207/207 243/243/243 208/208/208
f 208/208/208 243/243/243 244/244/244
f 208/208/208 244/244/244 209/209/209
f 209/209/209 244/244/244 245/245/245
f 209/209/209 245/245/245 210/210/210
f 210/210/210 245/245/245 246/246/246
f 210/210/210 246/246/246 211/211/211
f 212/212/212 247/247/247 248/248/248
f 212/212/212 248/248/248 213/213/213
f 213/213/213 248/248/248 249/249/249
f 213/213/213 249/249/249 214/214/214
f 214/214/214 249/249/249 250/250/250
f 214/214/214 250/250/250 215/215/215
f 215/215/215 250/250/250 251/251/251
f 215/215/215 251/251/251 216/216/216
f 216/216/216 251/251/251 252/252/252
f 216/216/216 252/252/252 217/217/217
f 217/217/217 252/252/252 253/253/253
f 217/217/217 253/253/253 218/218/218
f 218/218/218 253/253/253 254/254/254
f 218/218/218 254/254/254 219/219/219
f 219/219/219 254/254/254 255/255/255
f 219/219/219 255/255/255 220/220/220
f 220/220/220 255/255/255 256/256/256
f 220/220/220 256/256/256 221/221/221
f 221/221/221 256/256/256 257/257/257
f 221/221/221 257/257/257 222/222/222
f 222/222/222 257/257/257 258/258/258
f 222/222/222 258/258/258 223/223/223
f 223/223/223 258/258/258 259/259/259
f 223/223/223 259/259/259 224/224/224
f 224/224/224 259/259/259 260/260/260
f 224/224/224 260/260/260 225/225/225
f 225/225/225 260/260/260 261/261/261
f 225/225/225 261/261/261 226/226/226
f 226/226/226 261/261/261 262/262/262
f 226/226/226 262/262/262 227/227/227
f 227/227/227 262/262/262 263/263/263
f 227/227/227 263/263/263 228/228/228
f 228/228/228 263/263/263 264/264/264
f 228/228/228 264/264/264 229/229/229
f 229/229/229 264/264/264 265/265/265
f 229/229/229 265/265/265 230/230/230
f 230/230/230 265/265/265 266/266/266
f 230/230/230 266/266/266 231/231/231
f 231/231/231 266/266/266 267/267/267
f 231/231/231 267/267/267 232/232/232
f 232/232/232 267/267/267 268/268/268
f 232/232/232 268/268/268 233/233/233
f 233/233/233 268/268/268 269/269/269
f 233/233/233 269/269/269 234/234/234
f 234/234/234 269/269/269 270/270/270
f 234/234/234 270/270/270 235/235/235
f 235/235/235 270/270/270 271/271/271
f 235/235/235 271/271/271 236/236/236
f 236/236/236 271/271/271 272/272/272
f 236/236/236 272/272/272 237/237/237
f 237/237/237 272/272/272 273/273/273
f 237/237/237 273/273/273 238/238/238
f 238/238/238 273/273/273 274/274/274
f 238/238/238 274/274/274 239/239/239
f 239/239/239 274/274/274 275/275/275
f 239/239/239 275/275/275 240/240/240
f 240/240/240 275/275/275 276/276/276
f 240/240/240 276/276/276 241/241/241
f 241/241/241 276/276/276 277/277/277
f 241/241/241 277/277/277 242/242/242
f 242/242/242 277/277/277 278/278/278
f 242/242/242 278/278/278 243/243/243
f 243/243/243 278/278/278 279/279/279
f 243/243/243 279/279/279 244/244/244
f 244/244/244 279/279/279 280/280/280
f 244/244/244 280/280/280 245/245/245
f 245/245/245 280/280/280 281/281/281
f 245/245/245 281/281/281 246/246/246
f 247/247/247 282/282/282 283/283/283
f 247/247/247 283/283/283 248/248/248
f 248/248/248 283/283/283 284/284/284
f 248/248/248 284/284/284 249/249/249
f 249/249/249 284/284/284 285/285/285
f 249/249/249 285/285/285 250/250/250
f 250/250/250 285/285/285 286/286/286
f 250/250/250 286/286/286 251/251/251
f 251/251/251 286/286/286 287/287/287
f 251/251/251 287/287/287 252/252/252
f 252/252/252 287/287/287 288/288/288
f 252/252/252 288/288/288 253/253/253
f 253/253/253 288/288/288 289/289/289
f 253/253/253 289/289/289 254/254/254
f 254/254/254 289/289/289 290/290/290
f 254/254/254 290/290/290 255/255/255
f 255/255/255 290/290/290 291/291/291
f 255/255/255 291/291/291 256/256/256
f 256/256/256 291/291/291 292/292/292
f 256/256/256 292/292/292 257/257/257
f 257/257/257 292/292/292 293/293/293
f 257/257/257 293/293/293 258/258/258
f 258/258/258 293/293/293 294/294/294
f 258/258/258 294/294/294 259/259/259
f 259/259/259 294/294/294 295/295/295
f 259/259/259 295/295/295 260/260/260
f 260/260/260 295/295/295 296/296/296
f 260/260/260 296/296/296 261/261/261
f 261/261/261 296/296/296 297/297/297
f 261/261/261 297/297/297 262/262/262
f 262/262/262 297/297/297 298/298/298
f 262/262/262 298/298/298 263/263/263
f 263/263/263 298/298/298 299/299/299
f 263/263/263 299/299/299 264/264/264
f 264/264/264 299/299/299 300/300/300
f 264/264/264 300/300/300 265/265/265
f 265/265/265 300/300/300 301/301/301
f 265/265/265 301/301/301 266/266/266
f 266/266/266 301/301/301 302/302/302
f 266/266/266 302/302/302 267/267/267
f 267/267/267 302/302/302 303/303/303
f 267/267/267 303/303/303 268/268/268
f 268/268/268 303/303/303 304/304/304
f 268/268/268 304/304/304 269/269/269
f 269/269/269 304/304/304 305/305/305
f 269/269/269 305/305/305 270/270/270
f 270/270/270 305/305/305 306/306/306
f 270/270/270 306/306/306 271/271/271
f 271/271/271 306/306/306 307/307/307
f 271/271/271 307/307/307 272/272/272
f 272/272/272 307/307/307 308/308/308
f 272/272/272 308/308/308 273/273/273
f 273/273/273 308/308/308 309/309/309
f 273/273/273 309/309/309 274/274/274
f 274/274/274 309/309/309 310/310/310
f 274/274/274 310/310/310 275/275/275
f 275/275/275 310/310/310 311/311/311
f 275/275/275 311/311/311 276/276/276
f 276/276/276 311/311/311 312/312/312
f 276/276/276 312/312/312 277/277/277
f 277/277/277 312/312/312 313/313/313
f 277/277/277 313/313/313 278/278/278
f 278/278/278 313/313/313 314/314/314
f 278/278/278 314/314/314 279/279/279
f 279/279/279 314/314/314 315/315/315
f 279/279/279 315/315/315 280/280/280
f 280/280/280 315/315/315 316/316/316
f 280/280/280 316/316/316 281/281/281
f 282/282/282 317/317/317 318/318/318
f 282/282/282 318/318/318 283/283/283
f 283/283/283 318/318/318 319/319/319
f 283/283/283 319/319/319 284/284/284
f 284/284/284 319/319/319 320/320/320
f 284/284/284 320/320/320 285/285/285
f 285/285/285 320/320/320 321/321/321
f 285/285/285 321/321/321 286/286/286
f 286/286/286 321/321/321 322/322/322
f 286/286/286 322/322/322 287/287/287
f 287/287/287 322/322/322 323/323/323
f 287/287/287 323/323/323 288/288/288
f 288/288/288 323/323/323 324/324/324
f 288/288/288 324/324/324 289/289/289
f 289/289/289 324/324/324 325/325/325
f 289/289/289 325/325/325 290/290/290
f 290/290/290 325/325/325 326/326/326
f 290/290/290 326/326/326 291/291/291
f 291/291/291 326/326/326 327/327/327
f 291/291/291 327/327/327 292/292/292
f 292/292/292 327/327/327 328/328/328
f 292/292/292 328/328/328 293/293/293
f 293/293/293 328/328/328 329/329/329
f 293/293/293 329/329/329 294/294/294
f 294/294/294 329/329/329 330/330/330
f 294/294/294 330/330/330 295/295/295
f 295/295/295 330/330/330 331/331/331
f 295/295/295 331/331/331 296/296/296
f 296/296/296 331/331/331 332/332/332
f 296/296/296 332/332/332 297/297/297
f 297/297/297 332/332/332 333/333/333
f 297/297/297 333/333/333 298/298/298
f 298/298/298 333/333/333 334/334/334
f 298/298/298 334/334/334 299/299/299
f 299/299/299 334/334/334 335/335/335
f 299/299/299 335/335/335 300/300/300
f 300/300/300 335/335/335 336/336/336
f 300/300/300 336/336/336 301/301/301
f 301/301/301 336/336/336 337/337/337
f 301/301/301 337/337/337 302/302/302
f 302/302/302 337/337/337 338/338/338
f 302/302/302 338/338/338 303/303/303
f 303/303/303 338/338/338 339/339/339
f 303/303/303 339/339/339 304/304/304
f 304/304/304 339/339/339 340/340/340
f 304/304/304 340/340/340 305/305/305
f 305/305/305 340/340/340 341/341/341
f 305/305/305 341/341/341 306/306/306
f 306/306/306 341/341/341 342/342/342
f 306/306/306 342/342/342 307/307/307
f 307/307/307 342/342/342 343/343/343
f 307/307/307 343/343/343 308/308/308
f 308/308/308 343/343/343 344/344/344
f 308/308/308 344/344/344 309/309/309
f 309/309/309 344/344/344 345/345/345
f 309/309/309 345/345/345 310/310/310
f 310/310/310 345/345/345 346/346/346
f 310/310/310 346/346/346 311/311/311
f 311/311/311 346/346/346 347/347/347
f 311/311/311 347/347/347 312/312/312
f 312/312/312 347/347/347 348/348/348
f 312/312/312 348/348/348 313/313/313
f 313/313/313 348/348/348 349/349/349
f 313/313/313 349/349/349 314/314/314
f 314/314/314 349/349/349 350/350/350
f 314/314/314 350/350/350 315/315/315
f 315/315/315 350/350/350 351/351/351
f 315/315/315 351/351/351 316/316/316
f 317/317/317 352/352/352 353/353/353
f 317/317/317 353/353/353 318/318/318
f 318/318/318 353/353/353 354/354/354
f 318/318/318 354/354/354 319/319/319
f 319/319/319 354/354/354 355/355/355
f 319/319/319 355/355/355 320/320/320
f 320/320/320 355/355/355 356/356/356
f 320/320/320 356/356/356 321/321/321
f 321/321/321 356/356/356 357/357/357
f 321/321/321 357/357/357 322/322/322
f 322/322/322 357/357/357 358/358/358
f 322/322/322 358/358/358 323/323/323
f 323/323/323 358/358/358 359/359/359
f 323/323/323 359/359/359 324/324/324
f 324/324/324 359/359/359 360/360/360
f 324/324/324 360/360/360 325/325/325
f 325/325/325 360/360/360 361/361/361
f 325/325/325 361/361/361 326/326/326
f 326/326/326 361/361/361 362/362/362
f 326/326/326 362/362/362 327/327/327
f 327/327/327 362/362/362 363/363/363
f 327/327/327 363/363/363 328/328/328
f 328/328/328 363/363/363 364/364/364
f 328/328/328 364/364/364 329/329/329
f 329/329/329 364/364/364 365/365/365
f 329/329/329 365/365/365 330/330/330
f 330/330/330 365/365/365 366/366/366
f 330/330/330 366/366/366 331/331/331
f 331/331/331 366/366/366 367/367/367
f 331/331/331 367/367/367 332/332/332
f 332/332/332 367/367/367 368/368/368
f 332/332/332 368/368/368 333/333/333
f 333/333/333 368/368/368 369/369/369
f 333/333/333 369/369/369 334/334/334
f 334/334/334 369/369/369 370/370/370
f 334/334/334 370/370/370 335/335/335
f 335/335/335 370/370/370 371/371/371
f 335/335/335 371/371/371 336/336/336
f 336/336/336 371/371/371 372/372/372
f 336/336/336 372/372/372 337/337/337
f 337/337/337 372/372/372 373/373/373
f 337/337/337 373/373/373 338/338/338
f 338/338/338 373/373/373 374/374/374
f 338/338/338 374/374/374 339/339/339
f 339/339/339 374/374/374 375/375/375
f 339/339/339 375/375/375 340/340/340
f 340/340/340 375/375/375 376/376/376
f 340/340/340 376/376/376 341/341/341
f 341/341/341 376/376/376 377/377/377
f 341/341/341 377/377/377 342/342/342
f 342/342/342 377/377/377 378/378/378
f 342/342/342 378/378/378 343/343/343
f 343/343/343 378/378/378 379/379/379
f 343/343/343 379/379/379 344/344/344
f 344/344/344 379/379/379 380/380/380
f 344/344/344 380/380/380 345/345/345
f 345/345/345 380/380/380 381/381/381
f 345/345/345 381/381/381 346/346/346
f 346/346/346 381/381/381 382/382/382
f 346/346/346 382/382/382 347/347/347
f 347/347/347 382/382/382 383/383/383
f 347/347/347 383/383/383 348/348/348
f 348/348/348 383/383/383 384/384/384
f 348/348/348 384/384/384 349/349/349
f 349/349/349 384/384/384 385/385/385
f 349/349/349 385/385/385 350/350/350
f 350/350/350 385/385/385 386/386/386
f 350/350/350 386/386/386 351/351/351
f 352/352/352 387/387/387 388/388/388
f 352/352/352 388/388/388 353/353/353
f 353/353/353 388/388/388 389/389/389
f 353/353/353 389/389/389 354/354/354
f 354/354/354 389/389/389 390/390/390
f 354/354/354 390/390/390 355/355/355
f 355/355/355 390/390/390 391/391/391
f 355/355/355 391/391/391 356/356/356
f 356/356/356 391/391/391 392/392/392
f 356/356/356 392/392/392 357/357/357
f 357/357/357 392/392/392 393/393/393
f 357/357/357 393/393/393 358/358/358
f 358/358/358 393/393/393 394/394/394
f 358/358/358 394/394/394 359/359/359
f 359/359/359 394/394/394 395/395/395
f 359/359/359 395/395/395 360/360/360
f 360/360/360 395/395/395 396/396/396
f 360/360/360 396/396/396 361/361/361
f 361/361/361 396/396/396 397/397/397
f 361/361/361 397/397/397 362/362/362
f 362/362/362 397/397/397 398/398/398
f 362/362/362 398/398/398 363/363/363
f 363/363/363 398/398/398 399/399/399
f 363/363/363 399/399/399 364/364/364
f 364/364/364 399/399/399 400/400/400
f 364/364/364 400/400/400 365/365/365
f 365/365/365 400/400/400 401/401/401
f 365/365/365 401/401/401 366/366/366
f 366/366/366 401/401/401 402/402/402
f 366/366/366 402/402/402 367/367/367
f 367/367/367 402/402/402 403/403/403
f 367/367/367 403/403/403 368/368/368
f 368/368/368 403/403/403 404/404/404
f 368/368/368 404/404/404 369/369/369
f 369/369/369 404/404/404 405/405/405
f 369/369/369 405/405/405 370/370/370
f 370/370/370 405/405/405 406/406/406
f 370/370/370 406/406/406 371/371/371
f 371/371/371 406/406/406 407/407/407
f 371/371/371 407/407/407 372/372/372
f 372/372/372 407/407/407 408/408/408
f 372/372/372 408/408/408 373/373/373
f 373/373/373 408/408/408 409/409/409
f 373/373/373 409/409/409 374/374/374
f 374/374/374 409/409/409 410/410/410
f 374/374/374 410/410/410 375/375/375
f 375/375/375 410/410/410 411/411/411
f 375/375/375 411/411/411 376/376/376
f 376/376/376 411/411/411 412/412/412
f 376/376/376 412/412/412 377/377/377
f 377/377/377 412/412/412 413/413/413
f 377/377/377 413/413/413 378/378/378
f 378/378/378 413/413/413 414/414/414
f 378/378/378 414/414/414 379/379/379
f 379/379/379 414/414/414 415/415/415
f 379/379/379 415/415/415 380/380/380
f 380/380/380 415/415/415 416/416/416
f 380/380/380 416/416/416 381/381/381
f 381/381/381 416/416/416 417/417/417
f 381/381/381 417/417/417 382/382/382
f 382/382/382 417/417/417 418/418/418
f 382/382/382 418/418/418 383/383/383
f 383/383/383 418/418/418 419/419/419
f 383/383/383 419/419/419 384/384/384
f 384/384/384 419/419/419 420/420/420
f 384/384/384 420/420/420 385/385/385
f 385/385/385 420/420/420 421/421/421
f 385/385/385 421/421/421 386/386/386
f 387/387/387 422/422/422 423/423/423
f 387/387/387 423/423/423 388/388/388
f 388/388/388 423/423/423 424/424/424
f 388/388/388 424/424/424 389/389/389
f 389/389/389 424/424/424 425/425/425
f 389/389/389 425/425/425 390/390/390
f 390/390/390 425/425/425 426/426/426
f 390/390/390 426/426/426 391/391/391
f 391/391/391 426/426/426 427/427/427
f 391/391/391 427/427/427 392/392/392
f 392/392/392 427/427/427 428/428/428
f 392/392/392 428/428/428 393/393/393
f 393/393/393 428/428/428 429/429/429
f 393/393/393 429/429/429 394/394/394
f 394/394/394 429/429/429 430/430/430
f 394/394/394 430/430/430 395/395/395
f 395/395/395 430/430/430 431/431/431
f 395/395/395 431/431/431 396/396/396
f 396/396/396 431/431/431 432/432/432
f 396/396/396 432/432/432 397/397/397
f 397/397/397 432/432/432 433/433/433
f 397/397/397 433/433/433 398/398/398
f 398/398/398 433/433/433 434/434/434
f 398/398/398 434/434/434 399/399/399
f 399/399/399 434/434/434 435/435/435
f 399/399/399 435/435/435 400/400/400
f 400/400/400 435/435/435 436/436/436
f 400/400/400 436/436/436 401/401/401
f 401/401/401 436/436/436 437/437/437
f 401/401/401 437/437/437 402/402/402
f 402/402/402 437/437/437 438/438/438
f 402/402/402 438/438/438 403/403/403
f 403/403/403 438/438/438 439/439/439
f 403/403/403 439/439/439 404/404/404
f 404/404/404 439/439/439 440/440/440
f 404/404/404 440/440/440 405/405/405
f 405/405/405 440/440/440 441/441/441
f 405/405/405 441/441/441 406/406/406
f 406/406/406 441/441/441 442/442/442
f 406/406/406 442/442/442 407/407/407
f 407/407/407 442/442/442 443/443/443
f 407/407/407 443/443/443 408/408/408
f 408/408/408 443/443/443 444/444/444
f 408/408/408 444/444/444 409/409/409
f 409/409/409 444/444/444 445/445/445
f 409/409/409 445/445/445 410/410/410
f 410/410/410 445/445/445 446/446/446
f 410/410/410 446/446/446 411/411/411
f 411/411/411 446/446/446 447/447/447
f 411/411/411 447/447/447 412/412/412
f 412/412/412 447/447/447 448/448/448
f 412/412/412 448/448/448 413/413/413
f 413/413/413 448/448/448 449/449/449
f 413/413/413 449/449/449 414/414/414
f 414/414/414 449/449/449 450/450/450
f 414/414/414 450/450/450 415/415/415
f 415/415/415 450/450/450 451/451/451
f 415/415/415 451/451/451 416/416/416
f 416/416/416 451/451/451 452/452/452
f 416/416/416 452/452/452 417/417/417
f 417/417/417 452/452/452 453/453/453
f 417/417/417 453/453/453 418/418/418
f 418/418/418 453/453/453 454/454/454
f 418/418/418 454/454/454 419/419/419
f 419/419/419 454/454/454 455/455/455
f 419/419/419 455/455/455 420/420/420
f 420/420/420 455/455/455 456/456/456
f 420/420/420 456/456/456 421/421/421
f 422/422/422 457/457/457 458/458/458
f 422/422/422 458/458/458 423/423/423
f 423/423/423 458/458/458 459/459/459
f 423/423/423 459/459/459 424/424/424
f 424/424/424 459/459/459 460/460/460
f 424/424/424 460/460/460 425/425/425
f 425/425/425 460/460/460 461/461/461
f 425/425/425 461/461/461 426/426/426
f 426/426/426 461/461/461 462/462/462
f 426/426/426 462/462/462 427/427/427
f 427/427/427 462/462/462 463/463/463
f 427/427/427 463/463/463 428/428/428
f 428/428/428 463/463/463 464/464/464
f 428/428/428 464/464/464 429/429/429
f 429/429/429 464/464/464 465/465/465
f 429/429/429 465/465/465 430/430/430
f 430/430/430 465/465/465 466/466/466
f 430/430/430 466/466/466 431/431/431
f 431/431/431 466/466/466 467/467/467
f 431/431/431 467/467/467 432/432/432
f 432/432/432 467/467/467 468/468/468
f 432/432/432 468/468/468 433/433/433
f 433/433/433 468/468/468 469/469/469
f 433/433/433 469/469/469 434/434/434
f 434/434/434 469/469/469 470/470/470
f 434/434/434 470/470/470 435/435/435
f 435/435/435 470/470/470 471/471/471
f 435/435/435 471/471/471 436/436/436
f 436/436/436 471/471/471 472/472/472
f 436/436/436 472/472/472 437/437/437
f 437/437/437 472/472/472 473/473/473
f 437/437/437 473/473/473 438/438/438
f 438/438/438 473/473/473 474/474/474
f 438/438/438 474/474/474 439/439/439
f 439/439/439 474/474/474 475/475/475
f 439/439/439 475/475/475 440/440/440
f 440/440/440 475/475/475 476/476/476
f 440/440/440 476/476/476 441/441/441
f 441/441/441 476/476/476 477/477/477
f 441/441/441 477/477/477 442/442/442
f 442/442/442 477/477/477 478/478/478
f 442/442/442 478/478/478 443/443/443
f 443/443/443 478/478/478 479/479/479
f 443/443/443 479/479/479 444/444/444
f 444/444/444 479/479/479 480/480/480
f 444/444/444 480/480/480 445/445/445
f 445/445/445 480/480/480 481/481/481
f 445/445/445 481/481/481 446/446/446
f 446/446/446 481/481/481 482/482/482
f 446/446/446 482/482/482 447/447/447
f 447/447/447 482/482/482 483/483/483
f 447/447/447 483/483/483 448/448/448
f 448/448/448 483/483/483 484/484/484
f 448/448/448 484/484/484 449/449/449
f 449/449/449 484/484/484 485/485/485
f 449/449/449 485/485/485 450/450/450
f 450/450/450 485/485/485 486/486/486
f 450/450/450 486/486/486 451/451/451
f 451/451/451 486/486/486 487/487/487
f 451/451/451 487/487/487 452/452/452
f 452/452/452 487/487/487 488/488/488
f 452/452/452 488/488/488 453/453/453
f 453/453/453 488/488/488 489/489/489
f 453/453/453 489/489/489 454/454/454
f 454/454/454 489/489/489 490/490/490
f 454/454/454 490/490/490 455/455/455
f 455/455/455 490/490/490 491/491/491
f 455/455/455 491/491/491 456/456/456
f 457/457/457 492/492/492 493/493/493
f 457/457/457 493/493/493 458/458/458
f 458/458/458 493/493/493 494/494/494
f 458/458/458 494/494/494 459/459/459
f 459/459/459 494/494/494 495/495/495
f 459/459/459 495/495/495 460/460/460
f 460/460/460 495/495/495 496/496/496
f 460/460/460 496/496/496 461/461/461
f 461/461/461 496/496/496 497/497/497
f 461/461/461 497/497/497 462/462/462
f 462/462/462 497/497/497 498/498/498
f 462/462/462 498/498/498 463/463/463
f 463/463/463 498/498/498 499/499/499
f 463/463/463 499/499/499 464/464/464
f 464/464/464 499/499/499 500/500/500
f 464/464/464 500/500/500 465/465/465
f 465/465/465 500/500/500 501/501/501
f 465/465/465 501/501/501 466/466/466
f 466/466/466 501/501/501 502/502/502
f 466/466/466 502/502/502 467/467/467
f 467/467/467 502/502/502 503/503/503
f 467/467/467 503/503/503 468/468/468
f 468/468/468 503/503/503 504/504/504
f 468/468/468 504/504/504 469/469/469
f 469/469/469 504/504/504 505/505/505
f 469/469/469 505/505/505 470/470/470
f 470/470/470 505/505/505 506/506/506
f 470/470/470 506/506/506 471/471/471
f 471/471/471 506/506/506 507/507/507
f 471/471/471 507/507/507 472/472/472
f 472/472/472 507/507/507 508/508/508
f 472/472/472 508/508/508 473/473/473
f 473/473/473 508/508/508 509/509/509
f 473/473/473 509/509/509 474/474/474
f 474/474/474 509/509/509 510/510/510
f 474/474/474 510/510/510 475/475/475
f 475/475/475 510/510/510 511/511/511
f 475/475/475 511/511/511 476/476/476
f 476/476/476 511/511/511 512/512/512
f 476/476/476 512/512/512 477/477/477
f 477/477/477 512/512/512 513/513/513
f 477/477/477 513/513/513 478/478/478
f 478/478/478 513/513/513 514/514/514
f 478/478/478 514/514/514 479/479/479
f 479/479/479 514/514/514 515/515/515
f 479/479/479 515/515/515 480/480/480
f 480/480/480 515/515/515 516/516/516
f 480/480/480 516/516/516 481/481/481
f 481/481/481 516/516/516 517/517/517
f 481/481/481 517/517/517 482/482/482
f 482/482/482 517/517/517 518/518/518
f 482/482/482 518/518/518 483/483/483
f 483/483/483 518/518/518 519/519/519
f 483/483/483 519/519/519 484/484/484
f 484/484/484 519/519/519 520/520/520
f 484/484/484 520/520/520 485/485/485
f 485/485/485 520/520/520 521/521/521
f 485/485/485 521/521/521 486/486/486
f 486/486/486 521/521/521 522/522/522
f 486/486/486 522/522/522 487/487/487
f 487/487/487 522/522/522 523/523/523
f 487/487/487 523/523/523 488/488/488
f 488/488/488 523/523/523 524/524/524
f 488/488/488 524/524/524 489/489/489
f 489/489/489 524/524/524 525/525/525
f 489/489/489 525/525/525 490/490/490
f 490/490/490 525/525/525 526/526/526
f 490/490/490 526/526/526 491/491/491
f 492/492/492 527/527/527 528/528/528
f 492/492/492 528/528/528 493/493/493
f 493/493/493 528/528/528 529/529/529
f 493/493/493 529/529/529 494/494/494
f 494/494/494 529/529/529 530/530/530
f 494/494/494 530/530/530 495/495/495
f 495/495/495 530/530/530 531/531/531
f 495/495/495 531/531/531 496/496/496
f 496/496/496 531/531/531 532/532/532
f 496/496/496 532/532/532 497/497/497
f 497/497/497 532/532/532 533/533/533
f 497/497/497 533/533/533 498/498/498
f 498/498/498 533/533/533 534/534/534
f 498/498/498 534/534/534 499/499/499
f 499/499/499 534/534/534 535/535/535
f 499/499/499 535/535/535 500/500/500
f 500/500/500 535/535/535 536/536/536
f 500/500/500 536/536/536 501/501/501
f 501/501/501 536/536/536 537/537/537
f 501/501/501 537/537/537 502/502/502
f 502/502/502 537/537/537 538/538/538
f 502/502/502 538/538/538 503/503/503
f 503/503/503 538/538/538 539/539/539
f 503/503/503 539/539/539 504/504/504
f 504/504/504 539/539/539 540/540/540
f 504/504/504 540/540/540 505/505/505
f 505/505/505 540/540/540 541/541/541
f 505/505/505 541/541/541 506/506/506
f 506/506/506 541/541/541 542/542/542
f 506/506/506 542/542/542 507/507/507
f 507/507/507 542/542/542 543/543/543
f 507/507/507 543/543/543 508/508/508
f 508/508/508 543/543/543 544/544/544
f 508/508/508 544/544/544 509/509/509
f 509/509/509 544/544/544 545/545/545
f 509/509/509 545/545/545 510/510/510
f 510/510/510 545/545/545 546/546/546
f 510/510/510 546/546/546 511/511/511
f 511/511/511 546/546/546 547/547/547
f 511/511/511 547/547/547 512/512/512
f 512/512/512 547/547/547 548/548/548
f 512/512/512 548/548/548 513/513/513
f 513/513/513 548/548/548 549/549/549
f 513/513/513 549/549/549 514/514/514
f 514/514/514 549/549/549 550/550/550
f 514/514/514 550/550/550 515/515/515
f 515/515/515 550/550/550 551/551/551
f 515/515/515 551/551/551 516/516/516
f 516/516/516 551/551/551 552/552/552
f 516/516/516 552/552/552 517/517/517
f 517/517/517 552/552/552 553/553/553
f 517/517/517 553/553/553 518/518/518
f 518/518/518 553/553/553 554/554/554
f 518/518/518 554/554/554 519/519/519
f 519/519/519 554/554/554 555/555/555
f 519/519/519 555/555/555 520/520/520
f 520/520/520 555/555/555 556/556/556
f 520/520/520 556/556/556 521/521/521
f 521/521/521 556/556/556 557/557/557
f 521/521/521 557/557/557 522/522/522
f 522/522/522 557/557/557 558/558/558
f 522/522/522 558/558/558 523/523/523
f 523/523/523 558/558/558 559/559/559
f 523/523/523 559/559/559 524/524/524
f 524/524/524 559/559/559 560/560/560
f 524/524/524 560/560/560 525/525/525
f 525/525/525 560/560/560 561/561/561
f 525/525/525 561/561/561 526/526/526
f 527/527/527 562/562/562 563/563/563
f 527/527/527 563/563/563 528/528/528
f 528/528/528 563/563/563 564/564/564
f 528/528/528 564/564/564 529/529/529
f 529/529/529 564/564/564 565/565/565
f 529/529/529 565/565/565 530/530/530
f 530/530/530 565/565/565 566/566/566
f 530/530/530 566/566/566 531/531/531
f 531/531/531 566/566/566 567/567/567
f 531/531/531 567/567/567 532/532/532
f 532/532/532 567/567/567 568/568/568
f 532/532/532 568/568/568 533/533/533
f 533/533/533 568/568/568 569/569/569
f 533/533/533 569/569/569 534/534/534
f 534/534/534 569/569/569 570/570/570
f 534/534/534 570/570/570 535/535/535
f 535/535/535 570/570/570 571/571/571
f 535/535/535 571/571/571 536/536/536
f 536/536/536 571/571/571 572/572/572
f 536/536/536 572/572/572 537/537/537
f 537/537/537 572/572/572 573/573/573
f 537/537/537 573/573/573 538/538/538
f 538/538/538 573/573/573 574/574/574
f 538/538/538 574/574/574 539/539/539
f 539/539/539 574/574/574 575/575/575
f 539/539/539 575/575/575 540/540/540
f 540/540/540 575/575/575 576/576/576
f 540/540/540 576/576/576 541/541/541
f 541/541/541 576/576/576 577/577/577
f 541/541/541 577/577/577 542/542/542
f 542/542/542 577/577/577 578/578/578
f 542/542/542 578/578/578 543/543/543
f 543/543/543 578/578/578 579/579/579
f 543/543/543 579/579/579 544/544/544
f 544/544/544 579/579/579 580/580/580
f 544/544/544 580/580/580 545/545/545
f 545/545/545 580/580/580 581/581/581
f 545/545/545 581/581/581 546/546/546
f 546/546/546 581/581/581 582/582/582
f 546/546/546 582/582/582 547/547/547
f 547/547/547 582/582/582 583/583/583
f 547/547/547 583/583/583 548/548/548
f 548/548/548 583/583/583 584/584/584
f 548/548/548 584/584/584 549/549/549
f 549/549/549 584/584/584 585/585/585
f 549/549/549 585/585/585 550/550/550
f 550/550/550 585/585/585 586/586/586
f 550/550/550 586/586/586 551/551/551
f 551/551/551 586/586/586 587/587/587
f 551/551/551 587/587/587 552/552/552
f 552/552/552 587/587/587 588/588/588
f 552/552/552 588/588/588 553/553/553
f 553/553/553 588/588/588 589/589/589
f 553/553/553 589/589/589 554/554/554
f 554/554/554 589/589/589 590/590/590
f 554/554/554 590/590/590 555/555/555
f 555/555/555 590/590/590 591/591/591
f 555/555/555 591/591/591 556/556/556
f 556/556/556 591/591/591 592/592/592
f 556/556/556 592/592/592 557/557/557
f 557/557/557 592/592/592 593/593/593
f 557/557/557 593/593/593 558/558/558
f 558/558/558 593/593/593 594/594/594
f 558/558/558 594/594/594 559/559/559
f 559/559/559 594/594/594 595/595/595
f 559/559/559 595/595/595 560/560/560
f 560/560/560 595/595/595 596/596/596
f 560/560/560 596/596/596 561/561/561
f 562/562/562 597/597/597 598/598/598
f 562/562/562 598/598/598 563/563/563
f 563/563/563 598/598/598 599/599/599
f 563/563/563 599/599/599 564/564/564
f 564/564/564 599/599/599 600/600/600
f 564/564/564 600/600/600 565/565/565
f 565/565/565 600/600/600 601/601/601
f 565/565/565 601/601/601 566/566/566
f 566/566/566 601/601/601 602/602/602
f 566/566/566 602/602/602 567/567/567
f 567/567/567 602/602/602 603/603/603
f 567/567/567 603/603/603 568/568/568
f 568/568/568 603/603/603 604/604/604
f 568/568/568 604/604/604 569/569/569
f 569/569/569 604/604/604 605/605/605
f 569/569/569 605/605/605 570/570/570
f 570/570/570 605/605/605 606/606/606
f 570/570/570 606/606/606 571/571/571
f 571/571/571 606/606/606 607/607/607
f 571/571/571 607/607/607 572/572/572
f 572/572/572 607/607/607 608/608/608
f 572/572/572 608/608/608 573/573/573
f 573/573/573 608/608/608 609/609/609
f 573/573/573 609/609/609 574/574/574
f 574/574/574 609/609/609 610/610/610
f 574/574/574 610/610/610 575/575/575
f 575/575/575 610/610/610 611/611/611
f 575/575/575 611/611/611 576/576/576
f 576/576/576 611/611/611 612/612/612
f 576/576/576 612/612/612 577/577/577
f 577/577/577 612/612/612 613/613/613
f 577/577/577 613/613/613 578/578/578
f 578/578/578 613/613/613 614/614/614
f 578/578/578 614/614/614 579/579/579
f 579/579/579 614/614/614 615/615/615
f 579/579/579 615/615/615 580/580/580
f 580/580/580 615/615/615 616/616/616
f 580/580/580 616/616/616 581/581/581
f 581/581/581 616/616/616 617/617/617
f 581/581/581 617/617/617 582/582/582
f 582/582/582 617/617/617 618/618/618
f 582/582/582 618/618/618 583/583/583
f 583/583/583 618/618/618 619/619/619
f 583/583/583 619/619/619 584/584/584
f 584/584/584 619/619/619 620/620/620
f 584/584/584 620/620/620 585/585/585
f 585/585/585 620/620/620 621/621/621
f 585/585/585 621/621/621 586/586/586
f 586/586/586 621/621/621 622/622/622
f 586/586/586 622/622/622 587/587/587
f 587/587/587 622/622/622 623/623/623
f 587/587/587 623/623/623 588/588/588
f 588/588/588 623/623/623 624/624/624
f 588/588/588 624/624/624 589/589/589
f 589/589/589 624/624/624 625/625/625
f 589/589/589 625/625/625 590/590/590
f 590/590/590 625/625/625 626/626/626
f 590/590/590 626/626/626 591/591/591
f 591/591/591 626/626/626 627/627/627
f 591/591/591 627/627/627 592/592/592
f 592/592/592 627/627/627 628/628/628
f 592/592/592 628/628/628 593/593/593
f 593/593/593 628/628/628 629/629/629
f 593/593/593 629/629/629 594/594/594
f 594/594/594 629/629/629 630/630/630
f 594/594/594 630/630/630 595/595/595
f 595/595/595 630/630/630 631/631/631
f 595/595/595 631/631/631 596/596/596
f 597/597/597 632/632/632 633/633/633
f 597/597/597 633/633/633 598/598/598
f 598/598/598 633/633/633 634/634/634
f 598/598/598 634/634/634 599/599/599
f 599/599/599 634/634/634 635/635/635
f 599/599/599 635/635/635 600/600/600
f 600/600/600 635/635/635 636/636/636
f 600/600/600 636/636/636 601/601/601
f 601/601/601 636/636/636 637/637/637
f 601/601/601 637/637/637 602/602/602
f 602/602/602 637/637/637 638/638/638
f 602/602/602 638/638/638 603/603/603
f 603/603/603 638/638/638 639/639/639
f 603/603/603 639/639/639 604/604/604
f 604/604/604 639/639/639 640/640/640
f 604/604/604 640/640/640 605/605/605
f 605/605/605 640/640/640 641/641/641
f 605/605/605 641/641/641 606/606/606
f 606/606/606 641/641/641 642/642/642
f 606/606/606 642/642/642 607/607/607
f 607/607/607 642/642/642 643/643/643
f 607/607/607 643/643/643 608/608/608
f 608/608/608 643/643/643 644/644/644
f 608/608/608 644/644/644 609/609/609
f 609/609/609 644/644/644 645/645/645
f 609/609/609 645/645/645 610/610/610
f 610/610/610 645/645/645 646/646/646
f 610/610/610 646/646/646 611/611/611
f 611/611/611 646/646/646 647/647/647
f 611/611/611 647/647/647 612/612/612
f 612/612/612 647/647/647 648/648/648
f 612/612/612 648/648/648 613/613/613
f 613/613/613 648/648/648 649/649/649
f 613/613/613 649/649/649 614/614/614
f 614/614/614 649/649/649 650/650/650
f 614/614/614 650/650/650 615/615/615
f 615/615/615 650/650/650 651/651/651
f 615/615/615 651/651/651 616/616/616
f 616/616/616 651/651/651 652/652/652
f 616/616/616 652/652/652 617/617/617
f 617/617/617 652/652/652 653/653/653
f 617/617/617 653/653/653 618/618/618
f 618/618/618 653/653/653 654/654/654
f 618/618/618 654/654/654 619/619/619
f 619/619/619 654/654/654 655/655/655
f 619/619/619 655/655/655 620/620/620
f 620/620/620 655/655/655 656/656/656
f 620/620/620 656/656/656 621/621/621
f 621/621/621 656/656/656 657/657/657
f 621/621/621 657/657/657 622/622/622
f 622/622/622 657/657/657 658/658/658
f 622/622/622 658/658/658 623/623/623
f 623/623/623 658/658/658 659/659/659
f 623/623/623 659/659/659 624/624/624
f 624/624/624 659/659/659 660/660/660
f 624/624/624 660/660/660 625/625/625
f 625/625/625 660/660/660 661/661/661
f 625/625/625 661/661/661 626/626/626
f 626/626/626 661/661/661 662/662/662
f 626/626/626 662/662/662 627/627/627
f 627/627/627 662/662/662 663/663/663
f 627/627/627 663/663/663 628/628/628
f 628/628/628 663/663/663 664/664/664
f 628/628/628 664/664/664 629/629/629
f 629/629/629 664/664/664 665/665/665
f 629/629/629 665/665/665 630/630/630
f 630/630/630 665/665/665 666/666/666
f 630/630/630 666/666/666 631/631/631
f 632/632/632 667/667/667 668/668/668
f 632/632/632 668/668/668 633/633/633
f 633/633/633 668/668/668 669/669/669
f 633/633/633 669/669/669 634/634/634
f 634/634/634 669/669/669 670/670/670
f 634/634/634 670/670/670 635/635/635
f 635/635/635 670/670/670 671/671/671
f 635/635/635 671/671/671 636/636/636
f 636/636/636 671/671/671 672/672/672
f 636/636/636 672/672/672 637/637/637
f 637/637/637 672/672/672 673/673/673
f 637/637/637 673/673/673 638/638/638
f 638/638/638 673/673/673 674/674/674
f 638/638/638 674/674/674 639/639/639
f 639/639/639 674/674/674 675/675/675
f 639/639/639 675/675/675 640/640/640
f 640/640/640 675/675/675 676/676/676
f 640/640/640 676/676/676 641/641/641
f 641/641/641 676/676/676 677/677/677
f 641/641/641 677/677/677 642/642/642
f 642/642/642 677/677/677 678/678/678
f 642/642/642 678/678/678 643/643/643
f 643/643/643 678/678/678 679/679/679
f 643/643/643 679/679/679 644/644/644
f 644/644/644 679/679/679 680/680/680
f 644/644/644 680/680/680 645/645/645
f 645/645/645 680/680/680 681/681/681
f 645/645/645 681/681/681 646/646/646
f 646/646/646 681/681/681 682/682/682
f 646/646/646 682/682/682 647/647/647
f 647/647/647 682/682/682 683/683/683
f 647/647/647 683/683/683 648/648/648
f 648/648/648 683/683/683 684/684/684
f 648/648/648 684/684/684 649/649/649
f 649/649/649 684/684/684 685/685/685
f 649/649/649 685/685/685 650/650/650
f 650/650/650 685/685/685 686/686/686
f 650/650/650 686/686/686 651/651/651
f 651/651/651 686/686/686 687/687/687
f 651/651/651 687/687/687 652/652/652
f 652/652/652 687/687/687 688/688/688
f 652/652/652 688/688/688 653/653/653
f 653/653/653 688/688/688 689/689/689
f 653/653/653 689/689/689 654/654/654
f 654/654/654 689/689/689 690/690/690
f 654/654/654 690/690/690 655/655/655
f 655/655/655 690/690/690 691/691/691
f 655/655/655 691/691/691 656/656/656
f 656/656/656 691/691/691 692/692/692
f 656/656/656 692/692/692 657/657/657
f 657/657/657 692/692/692 693/693/693
f 657/657/657 693/693/693 658/658/658
f 658/658/658 693/693/693 694/694/694
f 658/658/658 694/694/694 659/659/659
f 659/659/659 694/694/694 695/695/695
f 659/659/659 695/695/695 660/660/660
f 660/660/660 695/695/695 696/696/696
f 660/660/660 696/696/696 661/661/661
f 661/661/661 696/696/696 697/697/697
f 661/661/661 697/697/697 662/662/662
f 662/662/662 697/697/697 698/698/698
f 662/662/662 698/698/698 663/663/663
f 663/663/663 698/698/698 699/699/699
f 663/663/663 699/699/699 664/664/664
f 664/664/664 699/699/699 700/700/700
f 664/664/664 700/700/700 665/665/665
f 665/665/665 700/700/700 701/701/701
f 665/665/665 701/701/701 666/666/666
f 667/667/667 702/702/702 703/703/703
f 667/667/667 703/703/703 668/668/668
f 668/668/668 703/703/703 704/704/704
f 668/668/668 704/704/704 669/669/669
f 669/669/669 704/704/704 705/705/705
f 669/669/669 705/705/705 670/670/670
f 670/670/670 705/705/705 706/706/706
f 670/670/670 706/706/706 671/671/671
f 671/671/671 706/706/706 707/707/707
f 671/671/671 707/707/707 672/672/672
f 672/672/672 707/707/707 708/708/708
f 672/672/672 708/708/708 673/673/673
f 673/673/673 708/708/708 709/709/709
f 673/673/673 709/709/709 674/674/674
f 674/674/674 709/709/709 710/710/710
f 674/674/674 710/710/710 675/675/675
f 675/675/675 710/710/710 711/711/711
f 675/675/675 711/711/711 676/676/676
f 676/676/676 711/711/711 712/712/712
f 676/676/676 712/712/712 677/677/677
f 677/677/677 712/712/712 713/713/713
f 677/677/677 713/713/713 678/678/678
f 678/678/678 713/713/713 714/714/714
f 678/678/678 714/714/714 679/679/679
f 679/679/679 714/714/714 715/715/715
f 679/679/679 715/715/715 680/680/680
f 680/680/680 715/715/715 716/716/716
f 680/680/680 716/716/716 681/681/681
f 681/681/681 716/716/716 717/717/717
f 681/681/681 717/717/717 682/682/682
f 682/682/682 717/717/717 718/718/718
f 682/682/682 718/718/718 683/683/683
f 683/683/683 718/718/718 719/719/719
f 683/683/683 719/719/719 684/684/684
f 684/684/684 719/719/719 720/720/720
f 684/684/684 720/720/720 685/685/685
f 685/685/685 720/720/720 721/721/721
f 685/685/685 721/721/721 686/686/686
f 686/686/686 721/721/721 722/722/722
f 686/686/686 722/722/722 687/687/687
f 687/687/687 722/722/722 723/723/723
f 687/687/687 723/723/723 688/688/688
f 688/688/688 723/723/723 724/724/724
f 688/688/688 724/724/724 689/689/689
f 689/689/689 724/724/724 725/725/725
f 689/689/689 725/725/725 690/690/690
f 690/690/690 725/725/725 726/726/726
f 690/690/690 726/726/726 691/691/691
f 691/691/691 726/726/726 727/727/727
f 691/691/691 727/727/727 692/692/692
f 692/692/692 727/727/727 728/728/728
f 692/692/692 728/728/728 693/693/693
f 693/693/693 728/728/728 729/729/729
f 693/693/693 729/729/729 694/694/694
f 694/694/694 729/729/729 730/730/730
f 694/694/694 730/730/730 695/695/695
f 695/695/695 730/730/730 731/731/731
f 695/695/695 731/731/731 696/696/696
f 696/696/696 731/731/731 732/732/732
f 696/696/696 732/732/732 697/697/697
f 697/697/697 732/732/732 733/733/733
f 697/697/697 733/733/733 698/698/698
f 698/698/698 733/733/733 734/734/734
f 698/698/698 734/734/734 699/699/699
f 699/699/699 734/734/734 735/735/735
f 699/699/699 735/735/735 700/700/700
f 700/700/700 735/735/735 736/736/736
f 700/700/700 736/736/736 701/701/701
f 702/702/702 737/737/737 738/738/738
f 702/702/702 738/738/738 703/703/703
f 703/703/703 738/738/738 739/739/739
f 703/703/703 739/739/739 704/704/704
f 704/704/704 739/739/739 740/740/740
f 704/704/704 740/740/740 705/705/705
f 705/705/705 740/740/740 741/741/741
f 705/705/705 741/741/741 706/706/706
f 706/706/706 741/741/741 742/742/742
f 706/706/706 742/742/742 707/707/707
f 707/707/707 742/742/742 743/743/743
f 707/707/707 743/743/743 708/708/708
f 708/708/708 743/743/743 744/744/744
f 708/708/708 744/744/744 709/709/709
f 709/709/709 744/744/744 745/745/745
f 709/709/709 745/745/745 710/710/710
f 710/710/710 745/745/745 746/746/746
f 710/710/710 746/746/746 711/711/711
f 711/711/711 746/746/746 747/747/747
f 711/711/711 747/747/747 712/712/712
f 712/712/712 747/747/747 748/748/748
f 712/712/712 748/748/748 713/713/713
f 713/713/713 748/748/748 749/749/749
f 713/713/713 749/749/749 714/714/714
f 714/714/714 749/749/749 750/750/750
f 714/714/714 750/750/750 715/715/715
f 715/715/715 750/750/750 751/751/751
f 715/715/715 751/751/751 716/716/716
f 716/716/716 751/751/751 752/752/752
f 716/716/716 752/752/752 717/717/717
f 717/717/717 752/752/752 753/753/753
f 717/717/717 753/753/753 718/718/718
f 718/718/718 753/753/753 754/754/754
f 718/718/718 754/754/754 719/719/719
f 719/719/719 754/754/754 755/755/755
f 719/719/719 755/755/755 720/720/720
f 720/720/720 755/755/755 756/756/756
f 720/720/720 756/756/756 721/721/721
f 721/721/721 756/756/756 757/757/757
f 721/721/721 757/757/757 722/722/722
f 722/722/722 757/757/757 758/758/758
f 722/722/722 758/758/758 723/723/723
f 723/723/723 758/758/758 759/759/759
f 723/723/723 759/759/759 724/724/724
f 724/724/724 759/759/759 760/760/760
f 724/724/724 760/760/760 725/725/725
f 725/725/725 760/760/760 761/761/761
f 725/725/725 761/761/761 726/726/726
f 726/726/726 761/761/761 762/762/762
f 726/726/726 762/762/762 727/727/727
f 727/727/727 762/762/762 763/763/763
f 727/727/727 763/763/763 728/728/728
f 728/728/728 763/763/763 764/764/764
f 728/728/728 764/764/764 729/729/729
f 729/729/729 764/764/764 765/765/765
f 729/729/729 765/765/765 730/730/730
f 730/730/730 765/765/765 766/766/766
f 730/730/730 766/766/766 731/731/731
f 731/731/731 766/766/766 767/767/767
f 731/731/731 767/767/767 732/732/732
f 732/732/732 767/767/767 768/768/768
f 732/732/732 768/768/768 733/733/733
f 733/733/733 768/768/768 769/769/769
f 733/733/733 769/769/769 734/734/734
f 734/734/734 769/769/769 770/770/770
f 734/734/734 770/770/770 735/735/735
f 735/735/735 770/770/770 771/771/771
f 735/735/735 771/771/771 736/736/736
f 737/737/737 772/772/772 773/773/773
f 737/737/737 773/773/773 738/738/738
f 738/738/738 773/773/773 774/774/774
f 738/738/738 774/774/774 739/739/739
f 739/739/739 774/774/774 775/775/775
f 739/739/739 775/775/775 740/740/740
f 740/740/740 775/775/775 776/776/776
f 740/740/740 776/776/776 741/741/741
f 741/741/741 776/776/776 777/777/777
f 741/741/741 777/777/777 742/742/742
f 742/742/742 777/777/777 778/778/778
f 742/742/742 778/778/778 743/743/743
f 743/743/743 778/778/778 779/779/779
f 743/743/743 779/779/779 744/744/744
f 744/744/744 779/779/779 780/780/780
f 744/744/744 780/780/780 745/745/745
f 745/745/745 780/780/780 781/781/781
f 745/745/745 781/781/781 746/746/746
f 746/746/746 781/781/781 782/782/782
f 746/746/746 782/782/782 747/747/747
f 747/747/747 782/782/782 783/783/783
f 747/747/747 783/783/783 748/748/748
f 748/748/748 783/783/783 784/784/784
f 748/748/748 784/784/784 749/749/749
f 749/749/749 784/784/784 785/785/785
f 749/749/749 785/785/785 750/750/750
f 750/750/750 785/785/785 786/786/786
f 750/750/750 786/786/786 751/751/751
f 751/751/751 786/786/786 787/787/787
f 751/751/751 787/787/787 752/752/752
f 752/752/752 787/787/787 788/788/788
f 752/752/752 788/788/788 753/753/753
f 753/753/753 788/788/788 789/789/789
f 753/753/753 789/789/789 754/754/754
f 754/754/754 789/789/789 790/790/790
f 754/754/754 790/790/790 755/755/755
f 755/755/755 790/790/790 791/791/791
f 755/755/755 791/791/791 756/756/756
f 756/756/756 791/791/791 792/792/792
f 756/756/756 792/792/792 757/757/757
f 757/757/757 792/792/792 793/793/793
f 757/757/757 793/793/793 758/758/758
f 758/758/758 793/793/793 794/794/794
f 758/758/758 794/794/794 759/759/759
f 759/759/759 794/794/794 795/795/795
f 759/759/759 795/795/795 760/760/760
f 760/760/760 795/795/795 796/796/796
f 760/760/760 796/796/796 761/761/761
f 761/761/761 796/796/796 797/797/797
f 761/761/761 797/797/797 762/762/762
f 762/762/762 797/797/797 798/798/798
f 762/762/762 798/798/798 763/763/763
f 763/763/763 798/798/798 799/799/799
f 763/763/763 799/799/799 764/764/764
f 764/764/764 799/799/799 800/800/800
f 764/764/764 800/800/800 765/765/765
f 765/765/765 800/800/800 801/801/801
f 765/765/765 801/801/801 766/766/766
f 766/766/766 801/801/801 802/802/802
f 766/766/766 802/802/802 767/767/767
f 767/767/767 802/802/802 803/803/803
f 767/767/767 803/803/803 768/768/768
f 768/768/768 803/803/803 804/804/804
f 768/768/768 804/804/804 769/769/769
f 769/769/769 804/804/804 805/805/805
f 769/769/769 805/805/805 770/770/770
f 770/770/770 805/805/805 806/806/806
f 770/770/770 806/806/806 771/771/771
f 772/772/772 807/807/807 808/808/808
f 772/772/772 808/808/808 773/773/773
f 773/773/773 808/808/808 809/809/809
f 773/773/773 809/809/809 774/774/774
f 774/774/774 809/809/809 810/810/810
f 774/774/774 810/810/810 775/775/775
f 775/775/775 810/810/810 811/811/811
f 775/775/775 811/811/811 776/776/776
f 776/776/776 811/811/811 812/812/812
f 776/776/776 812/812/812 777/777/777
f 777/777/777 812/812/812 813/813/813
f 777/777/777 813/813/813 778/778/778
f 778/778/778 813/813/813 814/814/814
f 778/778/778 814/814/814 779/779/779
f 779/779/779 814/814/814 815/815/815
f 779/779/779 815/815/815 780/780/780
f 780/780/780 815/815/815 816/816/816
f 780/780/780 816/816/816 781/781/781
f 781/781/781 816/816/816 817/817/817
f 781/781/781 817/817/817 782/782/782
f 782/782/782 817/817/817 818/818/818
f 782/782/782 818/818/818 783/783/783
f 783/783/783 818/818/818 819/819/819
f 783/783/783 819/819/819 784/784/784
f 784/784/784 819/819/819 820/820/820
f 784/784/784 820/820/820 785/785/785
f 785/785/785 820/820/820 821/821/821
f 785/785/785 821/821/821 786/786/786
f 786/786/786 821/821/821 822/822/822
f 786/786/786 822/822/822 787/787/787
f 787/787/787 822/822/822 823/823/823
f 787/787/787 823/823/823 788/788/788
f 788/788/788 823/823/823 824/824/824
f 788/788/788 824/824/824 789/789/789
f 789/789/789 824/824/824 825/825/825
f 789/789/789 825/825/825 790/790/790
f 790/790/790 825/825/825 826/826/826
f 790/790/790 826/826/826 791/791/791
f 791/791/791 826/826/826 827/827/827
f 791/791/791 827/827/827 792/792/792
f 792/792/792 827/827/827 828/828/828
f 792/792/792 828/828/828 793/793/793
f 793/793/793 828/828/828 829/829/829
f 793/793/793 829/829/829 794/794/794
f 794/794/794 829/829/829 830/830/830
f 794/794/794 830/830/830 795/795/795
f 795/795/795 830/830/830 831/831/831
f 795/795/795 831/831/831 796/796/796
f 796/796/796 831/831/831 832/832/832
f 796/796/796 832/832/832 797/797/797
f 797/797/797 832/832/832 833/833/833
f 797/797/797 833/833/833 798/798/798
f 798/798/798 833/833/833 834/834/834
f 798/798/798 834/834/834 799/799/799
f 799/799/799 834/834/834 835/835/835
f 799/799/799 835/835/835 800/800/800
f 800/800/800 835/835/835 836/836/836
f 800/800/800 836/836/836 801/801/801
f 801/801/801 836/836/836 837/837/837
f 801/801/801 837/837/837 802/802/802
f 802/802/802 837/837/837 838/838/838
f 802/802/802 838/838/838 803/803/803
f 803/803/803 838/838/838 839/839/839
f 803/803/803 839/839/839 804/804/804
f 804/804/804 839/839/839 840/840/840
f 804/804/804 840/840/840 805/805/805
f 805/805/805 840/840/840 841/841/841
f 805/805/805 841/841/841 806/806/806
f 807/807/807 842/842/842 843/843/843
f 807/807/807 843/843/843 808/808/808
f 808/808/808 843/843/843 844/844/844
f 808/808/808 844/844/844 809/809/809
f 809/809/809 844/844/844 845/845/845
f 809/809/809 845/845/845 810/810/810
f 810/810/810 845/845/845 846/846/846
f 810/810/810 846/846/846 811/811/811
f 811/811/811 846/846/846 847/847/847
f 811/811/811 847/847/847 812/812/812
f 812/812/812 847/847/847 848/848/848
f 812/812/812 848/848/848 813/813/813
f 813/813/813 848/848/848 849/849/849
f 813/813/813 849/849/849 814/814/814
f 814/814/814 849/849/849 850/850/850
f 814/814/814 850/850/850 815/815/815
f 815/815/815 850/850/850 851/851/851
f 815/815/815 851/851/851 816/816/816
f 816/816/816 851/851/851 852/852/852
f 816/816/816 852/852/852 817/817/817
f 817/817/817 852/852/852 853/853/853
f 817/817/817 853/853/853 818/818/818
f 818/818/818 853/853/853 854/854/854
f 818/818/818 854/854/854 819/819/819
f 819/819/819 854/854/854 855/855/855
f 819/819/819 855/855/855 820/820/820
f 820/820/820 855/855/855 856/856/856
f 820/820/820 856/856/856 821/821/821
f 821/821/821 856/856/856 857/857/857
f 821/821/821 857/857/857 822/822/822
f 822/822/822 857/857/857 858/858/858
f 822/822/822 858/858/858 823/823/823
f 823/823/823 858/858/858 859/859/859
f 823/823/823 859/859/859 824/824/824
f 824/824/824 859/859/859 860/860/860
f 824/824/824 860/860/860 825/825/825
f 825/825/825 860/860/860 861/861/861
f 825/825/825 861/861/861 826/826/826
f 826/826/826 861/861/861 862/862/862
f 826/826/826 862/862/862 827/827/827
f 827/827/827 862/862/862 863/863/863
f 827/827/827 863/863/863 828/828/828
f 828/828/828 863/863/863 864/864/864
f 828/828/828 864/864/864 829/829/829
f 829/829/829 864/864/864 865/865/865
f 829/829/829 865/865/865 830/830/830
f 830/830/830 865/865/865 866/866/866
f 830/830/830 866/866/866 831/831/831
f 831/831/831 866/866/866 867/867/867
f 831/831/831 867/867/867 832/832/832
f 832/832/832 867/867/867 868/868/868
f 832/832/832 868/868/868 833/833/833
f 833/833/833 868/868/868 869/869/869
f 833/833/833 869/869/869 834/834/834
f 834/834/834 869/869/869 870/870/870
f 834/834/834 870/870/870 835/835/835
f 835/835/835 870/870/870 871/871/871
f 835/835/835 871/871/871 836/836/836
f 836/836/836 871/871/871 872/872/872
f 836/836/836 872/872/872 837/837/837
f 837/837/837 872/872/872 873/873/873
f 837/837/837 873/873/873 838/838/838
f 838/838/838 873/873/873 874/874/874
f 838/838/838 874/874/874 839/839/839
f 839/839/839 874/874/874 875/875/875
f 839/839/839 875/875/875 840/840/840
f 840/840/840 875/875/875 876/876/876
f 840/840/840 876/876/876 841/841/841
f 842/842/842 877/877/877 878/878/878
f 842/842/842 878/878/878 843/843/843
f 843/843/843 878/878/878 879/879/879
f 843/843/843 879/879/879 844/844/844
f 844/844/844 879/879/879 880/880/880
f 844/844/844 880/880/880 845/845/845
f 845/845/845 880/880/880 881/881/881
f 845/845/845 881/881/881 846/846/846
f 846/846/846 881/881/881 882/882/882
f 846/846/846 882/882/882 847/847/847
f 847/847/847 882/882/882 883/883/883
f 847/847/847 883/883/883 848/848/848
f 848/848/848 883/883/883 884/884/884
f 848/848/848 884/884/884 849/849/849
f 849/849/849 884/884/884 885/885/885
f 849/849/849 885/885/885 850/850/850
f 850/850/850 885/885/885 886/886/886
f 850/850/850 886/886/886 851/851/851
f 851/851/851 886/886/886 887/887/887
f 851/851/851 887/887/887 852/852/852
f 852/852/852 887/887/887 888/888/888
f 852/852/852 888/888/888 853/853/853
f 853/853/853 888/888/888 889/889/889
f 853/853/853 889/889/889 854/854/854
f 854/854/854 889/889/889 890/890/890
f 854/854/854 890/890/890 855/855/855
f 855/855/855 890/890/890 891/891/891
f 855/855/855 891/891/891 856/856/856
f 856/856/856 891/891/891 892/892/892
f 856/856/856 892/892/892 857/857/857
f 857/857/857 892/892/892 893/893/893
f 857/857/857 893/893/893 858/858/858
f 858/858/858 893/893/893 894/894/894
f 858/858/858 894/894/894 859/859/859
f 859/859/859 894/894/894 895/895/895
f 859/859/859 895/895/895 860/860/860
f 860/860/860 895/895/895 896/896/896
f 860/860/860 896/896/896 861/861/861
f 861/861/861 896/896/896 897/897/897
f 861/861/861 897/897/897 862/862/862
f 862/862/862 897/897/897 898/898/898
f 862/862/862 898/898/898 863/863/863
f 863/863/863 898/898/898 899/899/899
f 863/863/863 899/899/899 864/864/864
f 864/864/864 899/899/899 900/900/900
f 864/864/864 900/900/900 865/865/865
f 865/865/865 900/900/900 901/901/901
f 865/865/865 901/901/901 866/866/866
f 866/866/866 901/901/901 902/902/902
f 866/866/866 902/902/902 867/867/867
f 867/867/867 902/902/902 903/903/903
f 867/867/867 903/903/903 868/868/868
f 868/868/868 903/903/903 904/904/904
f 868/868/868 904/904/904 869/869/869
f 869/869/869 904/904/904 905/905/905
f 869/869/869 905/905/905 870/870/870
f 870/870/870 905/905/905 906/906/906
f 870/870/870 906/906/906 871/871/871
f 871/871/871 906/906/906 907/907/907
f 871/871/871 907/907/907 872/872/872
f 872/872/872 907/907/907 908/908/908
f 872/872/872 908/908/908 873/873/873
f 873/873/873 908/908/908 909/909/909
f 873/873/873 909/909/909 874/874/874
f 874/874/874 909/909/909 910/910/910
f 874/874/874 910/910/910 875/875/875
f 875/875/875 910/910/910 911/911/911
f 875/875/875 911/911/911 876/876/876
f 877/877/877 912/912/912 913/913/913
f 877/877/877 913/913/913 878/878/878
f 878/878/878 913/913/913 914/914/914
f 878/878/878 914/914/914 879/879/879
f 879/879/879 914/914/914 915/915/915
f 879/879/879 915/915/915 880/880/880
f 880/880/880 915/915/915 916/916/916
f 880/880/880 916/916/916 881/881/881
f 881/881/881 916/916/916 917/917/917
f 881/881/881 917/917/917 882/882/882
f 882/882/882 917/917/917 918/918/918
f 882/882/882 918/918/918 883/883/883
f 883/883/883 918/918/918 919/919/919
f 883/883/883 919/919/919 884/884/884
f 884/884/884 919/919/919 920/920/920
f 884/884/884 920/920/920 885/885/885
f 885/885/885 920/920/920 921/921/921
f 885/885/885 921/921/921 886/886/886
f 886/886/886 921/921/921 922/922/922
f 886/886/886 922/922/922 887/887/887
f 887/887/887 922/922/922 923/923/923
f 887/887/887 923/923/923 888/888/888
f 888/888/888 923/923/923 924/924/924
f 888/888/888 924/924/924 889/889/889
f 889/889/889 924/924/924 925/925/925
f 889/889/889 925/925/925 890/890/890
f 890/890/890 925/925/925 926/926/926
f 890/890/890 926/926/926 891/891/891
f 891/891/891 926/926/926 927/927/927
f 891/891/891 927/927/927 892/892/892
f 892/892/892 927/927/927 928/928/928
f 892/892/892 928/928/928 893/893/893
f 893/893/893 928/928/928 929/929/929
f 893/893/893 929/929/929 894/894/894
f 894/894/894 929/929/929 930/930/930
f 894/894/894 930/930/930 895/895/895
f 895/895/895 930/930/930 931/931/931
f 895/895/895 931/931/931 896/896/896
f 896/896/896 931/931/931 932/932/932
f 896/896/896 932/932/932 897/897/897
f 897/897/897 932/932/932 933/933/933
f 897/897/897 933/933/933 898/898/898
f 898/898/898 933/933/933 934/934/934
f 898/898/898 934/934/934 899/899/899
f 899/899/899 934/934/934 935/935/935
f 899/899/899 935/935/935 900/900/900
f 900/900/900 935/935/935 936/936/936
f 900/900/900 936/936/936 901/901/901
f 901/901/901 936/936/936 937/937/937
f 901/901/901 937/937/937 902/902/902
f 902/902/902 937/937/937 938/938/938
f 902/902/902 938/938/938 903/903/903
f 903/903/903 938/938/938 939/939/939
f 903/903/903 939/939/939 904/904/904
f 904/904/904 939/939/939 940/940/940
f 904/904/904 940/940/940 905/905/905
f 905/905/905 940/940/940 941/941/941
f 905/905/905 941/941/941 906/906/906
f 906/906/906 941/941/941 942/942/942
f 906/906/906 942/942/942 907/907/907
f 907/907/907 942/942/942 943/943/943
f 907/907/907 943/943/943 908/908/908
f 908/908/908 943/943/943 944/944/944
f 908/908/908 944/944/944 909/909/909
f 909/909/909 944/944/944 945/945/945
f 909/909/909 945/945/945 910/910/910
f 910/910/910 945/945/945 946/946/946
f 910/910/910 946/946/946 911/911/911
f 912/912/912 947/947/947 948/948/948
f 912/912/912 948/948/948 913/913/913
f 913/913/913 948/948/948 949/949/949
f 913/913/913 949/949/949 914/914/914
f 914/914/914 949/949/949 950/950/950
f 914/914/914 950/950/950 915/915/915
f 915/915/915 950/950/950 951/951/951
f 915/915/915 951/951/951 916/916/916
f 916/916/916 951/951/951 952/952/952
f 916/916/916 952/952/952 917/917/917
f 917/917/917 952/952/952 953/953/953
f 917/917/917 953/953/953 918/918/918
f 918/918/918 953/953/953 954/954/954
f 918/918/918 954/954/954 919/919/919
f 919/919/919 954/954/954 955/955/955
f 919/919/919 955/955/955 920/920/920
f 920/920/920 955/955/955 956/956/956
f 920/920/920 956/956/956 921/921/921
f 921/921/921 956/956/956 957/957/957
f 921/921/921 957/957/957 922/922/922
f 922/922/922 957/957/957 958/958/958
f 922/922/922 958/958/958 923/923/923
f 923/923/923 958/958/958 959/959/959
f 923/923/923 959/959/959 924/924/924
f 924/924/924 959/959/959 960/960/960
f 924/924/924 960/960/960 925/925/925
f 925/925/925 960/960/960 961/961/961
f 925/925/925 961/961/961 926/926/926
f 926/926/926 961/961/961 962/962/962
f 926/926/926 962/962/962 927/927/927
f 927/927/927 962/962/962 963/963/963
f 927/927/927 963/963/963 928/928/928
f 928/928/928 963/963/963 964/964/964
f 928/928/928 964/964/964 929/929/929
f 929/929/929 964/964/964 965/965/965
f 929/929/929 965/965/965 930/930/930
f 930/930/930 965/965/965 966/966/966
f 930/930/930 966/966/966 931/931/931
f 931/931/931 966/966/966 967/967/967
f 931/931/931 967/967/967 932/932/932
f 932/932/932 967/967/967 968/968/968
f 932/932/932 968/968/968 933/933/933
f 933/933/933 968/968/968 969/969/969
f 933/933/933 969/969/969 934/934/934
f 934/934/934 969/969/969 970/970/970
f 934/934/934 970/970/970 935/935/935
f 935/935/935 970/970/970 971/971/971
f 935/935/935 971/971/971 936/936/936
f 936/936/936 971/971/971 972/972/972
f 936/936/936 972/972/972 937/937/937
f 937/937/937 972/972/972 973/973/973
f 937/937/937 973/973/973 938/938/938
f 938/938/938 973/973/973 974/974/974
f 938/938/938 974/974/974 939/939/939
f 939/939/939 974/974/974 975/975/975
f 939/939/939 975/975/975 940/940/940
f 940/940/940 975/975/975 976/976/976
f 940/940/940 976/976/976 941/941/941
f 941/941/941 976/976/976 977/977/977
f 941/941/941 977/977/977 942/942/942
f 942/942/942 977/977/977 978/978/978
f 942/942/942 978/978/978 943/943/943
f 943/943/943 978/978/978 979/979/979
f 943/943/943 979/979/979 944/944/944
f 944/944/944 979/979/979 980/980/980
f 944/944/944 980/980/980 945/945/945
f 945/945/945 980/980/980 981/981/981
f 945/945/945 981/981/981 946/946/946
f 947/947/947 982/982/982 983/983/983
f 947/947/947 983/983/983 948/948/948
f 948/948/948 983/983/983 984/984/984
f 948/948/948 984/984/984 949/949/949
f 949/949/949 984/984/984 985/985/985
f 949/949/949 985/985/985 950/950/950
f 950/950/950 985/985/985 986/986/986
f 950/950/950 986/986/986 951/951/951
f 951/951/951 986/986/986 987/987/987
f 951/951/951 987/987/987 952/952/952
f 952/952/952 987/987/987 988/988/988
f 952/952/952 988/988/988 953/953/953
f 953/953/953 988/988/988 989/989/989
f 953/953/953 989/989/989 954/954/954
f 954/954/954 989/989/989 990/990/990
f 954/954/954 990/990/990 955/955/955
f 955/955/955 990/990/990 991/991/991
f 955/955/955 991/991/991 956/956/956
f 956/956/956 991/991/991 992/992/992
f 956/956/956 992/992/992 957/957/957
f 957/957/957 992/992/992 993/993/993
f 957/957/957 993/993/993 958/958/958
f 958/958/958 993/993/993 994/994/994
f 958/958/958 994/994/994 959/959/959
f 959/959/959 994/994/994 995/995/995
f 959/959/959 995/995/995 960/960/960
f 960/960/960 995/995/995 996/996/996
f 960/960/960 996/996/996 961/961/961
f 961/961/961 996/996/996 997/997/997
f 961/961/961 997/997/997 962/962/962
f 962/962/962 997/997/997 998/998/998
f 962/962/962 998/998/998 963/963/963
f 963/963/963 998/998/998 999/999/999
f 963/963/963 999/999/999 964/964/964
f 964/964/964 999/999/999 1000/1000/1000
f 964/964/964 1000/1000/1000 965/965/965
f 965/965/965 1000/1000/1000 1001/1001/1001
f 965/965/965 1001/1001/1001 966/966/966
f 966/966/966 1001/1001/1001 1002/1002/1002
f 966/966/966 1002/1002/1002 967/967/967
f 967/967/967 1002/1002/1002 1003/1003/1003
f 967/967/967 1003/1003/1003 968/968/968
f 968/968/968 1003/1003/1003 1004/1004/1004
f 968/968/968 1004/1004/1004 969/969/969
f 969/969/969 1004/1004/1004 1005/1005/1005
f 969/969/969 1005/1005/1005 970/970/970
f 970/970/970 1005/1005/1005 1006/1006/1006
f 970/970/970 1006/1006/1006 971/971/971
f 971/971/971 1006/1006/1006 1007/1007/1007
f 971/971/971 1007/1007/1007 972/972/972
f 972/972/972 1007/1007/1007 1008/1008/1008
f 972/972/972 1008/1008/1008 973/973/973
f 973/973/973 1008/1008/1008 1009/1009/1009
f 973/973/973 1009/1009/1009 974/974/974
f 974/974/974 1009/1009/1009 1010/1010/1010
f 974/974/974 1010/1010/1010 975/975/975
f 975/975/975 1010/1010/1010 1011/1011/1011
f 975/975/975 1011/1011/1011 976/976/976
f 976/976/976 1011/1011/1011 1012/1012/1012
f 976/976/976 1012/1012/1012 977/977/977
f 977/977/977 1012/1012/1012 1013/1013/1013
f 977/977/977 1013/1013/1013 978/978/978
f 978/978/978 1013/1013/1013 1014/1014/1014
f 978/978/978 1014/1014/1014 979/979/979
f 979/979/979 1014/1014/1014 1015/1015/1015
f 979/979/979 1015/1015/1015 980/980/980
f 980/980/980 1015/1015/1015 1016/1016/1016
f 980/980/980 1016/1016/1016 981/981/981
f 982/982/982 1017/1017/1017 1018/1018/1018
f 982/982/982 1018/1018/1018 983/983/983
f 983/983/983 1018/1018/1018 1019/1019/1019
f 983/983/983 1019/1019/1019 984/984/984
f 984/984/984 1019/1019/1019 1020/1020/1020
f 984/984/984 1020/1020/1020 985/985/985
f 985/985/985 1020/1020/1020 1021/1021/1021
f 985/985/985 1021/1021/1021 986/986/986
f 986/986/986 1021/1021/1021 1022/1022/1022
f 986/986/986 1022/1022/1022 987/987/987
f 987/987/987 1022/1022/1022 1023/1023/1023
f 987/987/987 1023/1023/1023 988/988/988
f 988/988/988 1023/1023/1023 1024/1024/1024
f 988/988/988 1024/1024/1024 989/989/989
f 989/989/989 1024/1024/1024 1025/1025/1025
f 989/989/989 1025/1025/1025 990/990/990
f 990/990/990 1025/1025/1025 1026/1026/1026
f 990/990/990 1026/1026/1026 991/991/991
f 991/991/991 1026/1026/1026 1027/1027/1027
f 991/991/991 1027/1027/1027 992/992/992
f 992/992/992 1027/1027/1027 1028/1028/1028
f 992/992/992 1028/1028/1028 993/993/993
f 993/993/993 1028/1028/1028 1029/1029/1029
f 993/993/993 1029/1029/1029 994/994/994
f 994/994/994 1029/1029/1029 1030/1030/1030
f 994/994/994 1030/1030/1030 995/995/995
f 995/995/995 1030/1030/1030 1031/1031/1031
f 995/995/995 1031/1031/1031 996/996/996
f 996/996/996 1031/1031/1031 1032/1032/1032
f 996/996/996 1032/1032/1032 997/997/997
f 997/997/997 1032/1032/1032 1033/1033/1033
f 997/997/997 1033/1033/1033 998/998/998
f 998/998/998 1033/1033/1033 1034/1034/1034
f 998/998/998 1034/1034/1034 999/999/999
f 999/999/999 1034/1034/1034 1035/1035/1035
f 999/999/999 1035/1035/1035 1000/1000/1000
f 1000/1000/1000 1035/1035/1035 1036/1036/1036
f 1000/1000/1000 1036/1036/1036 1001/1001/1001
f 1001/1001/1001 1036/1036/1036 1037/1037/1037
f 1001/1001/1001 1037/1037/1037 1002/1002/1002
f 1002/1002/1002 1037/1037/1037 1038/1038/1038
f 1002/1002/1002 1038/1038/1038 1003/1003/1003
f 1003/1003/1003 1038/1038/1038 1039/1039/1039
f 1003/1003/1003 1039/1039/1039 1004/1004/1004
f 1004/1004/1004 1039/1039/1039 1040/1040/1040
f 1004/1004/1004 1040/1040/1040 1005/1005/1005
f 1005/1005/1005 1040/1040/1040 1041/1041/1041
f 1005/1005/1005 1041/1041/1041 1006/1006/1006
f 1006/1006/1006 1041/1041/1041 1042/1042/1042
f 1006/1006/1006 1042/1042/1042 1007/1007/1007
f 1007/1007/1007 1042/1042/1042 1043/1043/1043
f 1007/1007/1007 1043/1043/1043 1008/1008/1008
f 1008/1008/1008 1043/1043/1043 1044/1044/1044
f 1008/1008/1008 1044/1044/1044 1009/1009/1009
f 1009/1009/1009 1044/1044/1044 1045/1045/1045
f 1009/1009/1009 1045/1045/1045 1010/1010/1010
f 1010/1010/1010 1045/1045/1045 1046/1046/1046
f 1010/1010/1010 1046/1046/1046 1011/1011/1011
f 1011/1011/1011 1046/1046/1046 1047/1047/1047
f 1011/1011/1011 1047/1047/1047 1012/1012/1012
f 1012/1012/1012 1047/1047/1047 1048/1048/1048
f 1012/1012/1012 1048/1048/1048 1013/1013/1013
f 1013/1013/1013 1048/1048/1048 1049/1049/1049
f 1013/1013/1013 1049/1049/1049 1014/1014/1014
f 1014/1014/1014 1049/1049/1049 1050/1050/1050
f 1014/1014/1014 1050/1050/1050 1015/1015/1015
f 1015/1015/1015 1050/1050/1050 1051/1051/1051
f 1015/1015/1015 1051/1051/1051 1016/1016/1016
f 1017/1017/1017 1052/1052/1052 1053/1053/1053
f 1017/1017/1017 1053/1053/1053 1018/1018/1018
f 1018/1018/1018 1053/1053/1053 1054/1054/1054
f 1018/1018/1018 1054/1054/1054 1019/1019/1019
f 1019/1019/1019 1054/1054/1054 1055/1055/1055
f 1019/1019/1019 1055/1055/1055 1020/1020/1020
f 1020/1020/1020 1055/1055/1055 1056/1056/1056
f 1020/1020/1020 1056/1056/1056 1021/1021/1021
f 1021/1021/1021 1056/1056/1056 1057/1057/1057
f 1021/1021/1021 1057/1057/1057 1022/1022/1022
f 1022/1022/1022 1057/1057/1057 1058/1058/1058
f 1022/1022/1022 1058/1058/1058 1023/1023/1023
f 1023/1023/1023 1058/1058/1058 1059/1059/1059
f 1023/1023/1023 1059/1059/1059 1024/1024/1024
f 1024/1024/1024 1059/1059/1059 1060/1060/1060
f 1024/1024/1024 1060/1060/1060 1025/1025/1025
f 1025/1025/1025 1060/1060/1060 1061/1061/1061
f 1025/1025/1025 1061/1061/1061 1026/1026/1026
f 1026/1026/1026 1061/1061/1061 1062/1062/1062
f 1026/1026/1026 1062/1062/1062 1027/1027/1027
f 1027/1027/1027 1062/1062/1062 1063/1063/1063
f 1027/1027/1027 1063/1063/1063 1028/1028/1028
f 1028/1028/1028 1063/1063/1063 1064/1064/1064
f 1028/1028/1028 1064/1064/1064 1029/1029/1029
f 1029/1029/1029 1064/1064/1064 1065/1065/1065
f 1029/1029/1029 1065/1065/1065 1030/1030/1030
f 1030/1030/1030 1065/1065/1065 1066/1066/1066
f 1030/1030/1030 1066/1066/1066 1031/1031/1031
f 1031/1031/1031 1066/1066/1066 1067/1067/1067
f 1031/1031/1031 1067/1067/1067 1032/1032/1032
f 1032/1032/1032 1067/1067/1067 1068/1068/1068
f 1032/1032/1032 1068/1068/1068 1033/1033/1033
f 1033/1033/1033 1068/1068/1068 1069/1069/1069
f 1033/1033/1033 1069/1069/1069 1034/1034/1034
f 1034/1034/1034 1069/1069/1069 1070/1070/1070
f 1034/1034/1034 1070/1070/1070 1035/1035/1035
f 1035/1035/1035 1070/1070/1070 1071/1071/1071
f 1035/1035/1035 1071/1071/1071 1036/1036/1036
f 1036/1036/1036 1071/1071/1071 1072/1072/1072
f 1036/1036/1036 1072/1072/1072 1037/1037/1037
f 1037/1037/1037 1072/1072/1072 1073/1073/1073
f 1037/1037/1037 1073/1073/1073 1038/1038/1038
f 1038/1038/1038 1073/1073/1073 1074/1074/1074
f 1038/1038/1038 1074/1074/1074 1039/1039/1039
f 1039/1039/1039 1074/1074/1074 1075/1075/1075
f 1039/1039/1039 1075/1075/1075 1040/1040/1040
f 1040/1040/1040 1075/1075/1075 1076/1076/1076
f 1040/1040/1040 1076/1076/1076 1041/1041/1041
f 1041/1041/1041 1076/1076/1076 1077/1077/1077
f 1041/1041/1041 1077/1077/1077 1042/1042/1042
f 1042/1042/1042 1077/1077/1077 1078/1078/1078
f 1042/1042/1042 1078/1078/1078 1043/1043/1043
f 1043/1043/1043 1078/1078/1078 1079/1079/1079
f 1043/1043/1043 1079/1079/1079 1044/1044/1044
f 1044/1044/1044 1079/1079/1079 1080/1080/1080
f 1044/1044/1044 1080/1080/1080 1045/1045/1045
f 1045/1045/1045 1080/1080/1080 1081/1081/1081
f 1045/1045/1045 1081/1081/1081 1046/1046/1046
f 1046/1046/1046 1081/1081/1081 1082/1082/1082
f 1046/1046/1046 1082/1082/1082 1047/1047/1047
f 1047/1047/1047 1082/1082/1082 1083/1083/1083
f 1047/1047/1047 1083/1083/1083 1048/1048/1048
f 1048/1048/1048 1083/1083/1083 1084/1084/1084
f 1048/1048/1048 1084/1084/1084 1049/1049/1049
f 1049/1049/1049 1084/1084/1084 1085/1085/1085
f 1049/1049/1049 1085/1085/1085 1050/1050/1050
f 1050/1050/1050 1085/1085/1085 1086/1086/1086
f 1050/1050/1050 1086/1086/1086 1051/1051/1051
f 1052/1052/1052 1087/1087/1087 1088/1088/1088
f 1052/1052/1052 1088/1088/1088 1053/1053/1053
f 1053/1053/1053 1088/1088/1088 1089/1089/1089
f 1053/1053/1053 1089/1089/1089 1054/1054/1054
f 1054/1054/1054 1089/1089/1089 1090/1090/1090
f 1054/1054/1054 1090/1090/1090 1055/1055/1055
f 1055/1055/1055 1090/1090/1090 1091/1091/1091
f 1055/1055/1055 1091/1091/1091 1056/1056/1056
f 1056/1056/1056 1091/1091/1091 1092/1092/1092
f 1056/1056/1056 1092/1092/1092 1057/1057/1057
f 1057/1057/1057 1092/1092/1092 1093/1093/1093
f 1057/1057/1057 1093/1093/1093 1058/1058/1058
f 1058/1058/1058 1093/1093/1093 1094/1094/1094
f 1058/1058/1058 1094/1094/1094 1059/1059/1059
f 1059/1059/1059 1094/1094/1094 1095/1095/1095
f 1059/1059/1059 1095/1095/1095 1060/1060/1060
f 1060/1060/1060 1095/1095/1095 1096/1096/1096
f 1060/1060/1060 1096/1096/1096 1061/1061/1061
f 1061/1061/1061 1096/1096/1096 1097/1097/1097
f 1061/1061/1061 1097/1097/1097 1062/1062/1062
f 1062/1062/1062 1097/1097/1097 1098/1098/1098
f 1062/1062/1062 1098/1098/1098 1063/1063/1063
f 1063/1063/1063 1098/1098/1098 1099/1099/1099
f 1063/1063/1063 1099/1099/1099 1064/1064/1064
f 1064/1064/1064 1099/1099/1099 1100/1100/1100
f 1064/1064/1064 1100/1100/1100 1065/1065/1065
f 1065/1065/1065 1100/1100/1100 1101/1101/1101
f 1065/1065/1065 1101/1101/1101 1066/1066/1066
f 1066/1066/1066 1101/1101/1101 1102/1102/1102
f 1066/1066/1066 1102/1102/1102 1067/1067/1067
f 1067/1067/1067 1102/1102/1102 1103/1103/1103
f 1067/1067/1067 1103/1103/1103 1068/1068/1068
f 1068/1068/1068 1103/1103/1103 1104/1104/1104
f 1068/1068/1068 1104/1104/1104 1069/1069/1069
f 1069/1069/1069 1104/1104/1104 1105/1105/1105
f 1069/1069/1069 1105/1105/1105 1070/1070/1070
f 1070/1070/1070 1105/1105/1105 1106/1106/1106
f 1070/1070/1070 1106/1106/1106 1071/1071/1071
f 1071/1071/1071 1106/1106/1106 1107/1107/1107
f 1071/1071/1071 1107/1107/1107 1072/1072/1072
f 1072/1072/1072 1107/1107/1107 1108/1108/1108
f 1072/1072/1072 1108/1108/1108 1073/1073/1073
f 1073/1073/1073 1108/1108/1108 1109/1109/1109
f 1073/1073/1073 1109/1109/1109 1074/1074/1074
f 1074/1074/1074 1109/1109/1109 1110/1110/1110
f 1074/1074/1074 1110/1110/1110 1075/1075/1075
f 1075/1075/1075 1110/1110/1110 1111/1111/1111
f 1075/1075/1075 1111/1111/1111 1076/1076/1076
f 1076/1076/1076 1111/1111/1111 1112/1112/1112
f 1076/1076/1076 1112/1112/1112 1077/1077/1077
f 1077/1077/1077 1112/1112/1112 1113/1113/1113
f 1077/1077/1077 1113/1113/1113 1078/1078/1078
f 1078/1078/1078 1113/1113/1113 1114/1114/1114
f 1078/1078/1078 1114/1114/1114 1079/1079/1079
f 1079/1079/1079 1114/1114/1114 1115/1115/1115
f 1079/1079/1079 1115/1115/1115 1080/1080/1080
f 1080/1080/1080 1115/1115/1115 1116/1116/1116
f 1080/1080/1080 1116/1116/1116 1081/1081/1081
f 1081/1081/1081 1116/1116/1116 1117/1117/1117
f 1081/1081/1081 1117/1117/1117 1082/1082/1082
f 1082/1082/1082 1117/1117/1117 1118/1118/1118
f 1082/1082/1082 1118/1118/1118 1083/1083/1083
f 1083/1083/1083 1118/1118/1118 1119/1119/1119
f 1083/1083/1083 1119/1119/1119 1084/1084/1084
f 1084/1084/1084 1119/1119/1119 1120/1120/1120
f 1084/1084/1084 1120/1120/1120 1085/1085/1085
f 1085/1085/1085 1120/1120/1120 1121/1121/1121
f 1085/1085/1085 1121/1121/1121 1086/1086/1086
f 1087/1087/1087 1122/1122/1122 1123/1123/1123
f 1087/1087/1087 1123/1123/1123 1088/1088/1088
f 1088/1088/1088 1123/1123/1123 1124/1124/1124
f 1088/1088/1088 1124/1124/1124 1089/1089/1089
f 1089/1089/1089 1124/1124/1124 1125/1125/1125
f 1089/1089/1089 1125/1125/1125 1090/1090/1090
f 1090/1090/1090 1125/1125/1125 1126/1126/1126
f 1090/1090/1090 1126/1126/1126 1091/1091/1091
f 1091/1091/1091 1126/1126/1126 1127/1127/1127
f 1091/1091/1091 1127/1127/1127 1092/1092/1092
f 1092/1092/1092 1127/1127/1127 1128/1128/1128
f 1092/1092/1092 1128/1128/1128 1093/1093/1093
f 1093/1093/1093 1128/1128/1128 1129/1129/1129
f 1093/1093/1093 1129/1129/1129 1094/1094/1094
f 1094/1094/1094 1129/1129/1129 1130/1130/1130
f 1094/1094/1094 1130/1130/1130 1095/1095/1095
f 1095/1095/1095 1130/1130/1130 1131/1131/1131
f 1095/1095/1095 1131/1131/1131 1096/1096/1096
f 1096/1096/1096 1131/1131/1131 1132/1132/1132
f 1096/1096/1096 1132/1132/1132 1097/1097/1097
f 1097/1097/1097 1132/1132/1132 1133/1133/1133
f 1097/1097/1097 1133/1133/1133 1098/1098/1098
f 1098/1098/1098 1133/1133/1133 1134/1134/1134
f 1098/1098/1098 1134/1134/1134 1099/1099/1099
f 1099/1099/1099 1134/1134/1134 1135/1135/1135
f 1099/1099/1099 1135/1135/1135 1100/1100/1100
f 1100/1100/1100 1135/1135/1135 1136/1136/1136
f 1100/1100/1100 1136/1136/1136 1101/1101/1101
f 1101/1101/1101 1136/1136/1136 1137/1137/1137
f 1101/1101/1101 1137/1137/1137 1102/1102/1102
f 1102/1102/1102 1137/1137/1137 1138/1138/1138
f 1102/1102/1102 1138/1138/1138 1103/1103/1103
f 1103/1103/1103 1138/1138/1138 1139/1139/1139
f 1103/1103/1103 1139/1139/1139 1104/1104/1104
f 1104/1104/1104 1139/1139/1139 1140/1140/1140
f 1104/1104/1104 1140/1140/1140 1105/1105/1105
f 1105/1105/1105 1140/1140/1140 1141/1141/1141
f 1105/1105/1105 1141/1141/1141 1106/1106/1106
f 1106/1106/1106 1141/1141/1141 1142/1142/1142
f 1106/1106/1106 1142/1142/1142 1107/1107/1107
f 1107/1107/1107 1142/1142/1142 1143/1143/1143
f 1107/1107/1107 1143/1143/1143 1108/1108/1108
f 1108/1108/1108 1143/1143/1143 1144/1144/1144
f 1108/1108/1108 1144/1144/1144 1109/1109/1109
f 1109/1109/1109 1144/1144/1144 1145/1145/1145
f 1109/1109/1109 1145/1145/1145 1110/1110/1110
f 1110/1110/1110 1145/1145/1145 1146/1146/1146
f 1110/1110/1110 1146/1146/1146 1111/1111/1111
f 1111/1111/1111 1146/1146/1146 1147/1147/1147
f 1111/1111/1111 1147/1147/1147 1112/1112/1112
f 1112/1112/1112 1147/1147/1147 1148/1148/1148
f 1112/1112/1112 1148/1148/1148 1113/1113/1113
f 1113/1113/1113 1148/1148/1148 1149/1149/1149
f 1113/1113/1113 1149/1149/1149 1114/1114/1114
f 1114/1114/1114 1149/1149/1149 1150/1150/1150
f 1114/1114/1114 1150/1150/1150 1115/1115/1115
f 1115/1115/1115 1150/1150/1150 1151/1151/1151
f 1115/1115/1115 1151/1151/1151 1116/1116/1116
f 1116/1116/1116 1151/1151/1151 1152/1152/1152
f 1116/1116/1116 1152/1152/1152 1117/1117/1117
f 1117/1117/1117 1152/1152/1152 1153/1153/1153
f 1117/1117/1117 1153/1153/1153 1118/1118/1118
f 1118/1118/1118 1153/1153/1153 1154/1154/1154
f 1118/1118/1118 1154/1154/1154 1119/1119/1119
f 1119/1119/1119 1154/1154/1154 1155/1155/1155
f 1119/1119/1119 1155/1155/1155 1120/1120/1120
f 1120/1120/1120 1155/1155/1155 1156/1156/1156
f 1120/1120/1120 1156/1156/1156 1121/1121/1121
f 1122/1122/1122 1157/1157/1157 1123/1123/1123
f 1123/1123/1123 1157/1157/1157 1124/1124/1124
f 1124/1124/1124 1157/1157/1157 1125/1125/1125
f 1125/1125/1125 1157/1157/1157 1126/1126/1126
f 1126/1126/1126 1157/1157/1157 1127/1127/1127
f 1127/1127/1127 1157/1157/1157 1128/1128/1128
f 1128/1128/1128 1157/1157/1157 1129/1129/1129
f 1129/1129/1129 1157/1157/1157 1130/1130/1130
f 1130/1130/1130 1157/1157/1157 1131/1131/1131
f 1131/1131/1131 1157/1157/1157 1132/1132/1132
f 1132/1132/1132 1157/1157/1157 1133/1133/1133
f 1133/1133/1133 1157/1157/1157 1134/1134/1134
f 1134/1134/1134 1157/1157/1157 1135/1135/1135
f 1135/1135/1135 1157/1157/1157 1136/1136/1136
f 1136/1136/1136 1157/1157/1157 1137/1137/1137
f 1137/1137/1137 1157/1157/1157 1138/1138/1138
f 1138/1138/1138 1157/1157/1157 1139/1139/1139
f 1139/1139/1139 1157/1157/1157 1140/1140/1140
f 1140/1140/1140 1157/1157/1157 1141/1141/1141
f 1141/1141/1141 1157/1157/1157 1142/1142/1142
f 1142/1142/1142 1157/1157/1157 1143/1143/1143
f 1143/1143/1143 1157/1157/1157 1144/1144/1144
f 1144/1144/1144 1157/1157/1157 1145/1145/1145
f 1145/1145/1145 1157/1157/1157 1146/1146/1146
f 1146/1146/1146 1157/1157/1157 1147/1147/1147
f 1147/1147/1147 1157/1157/1157 1148/1148/1148
f 1148/1148/1148 1157/1157/1157 1149/1149/1149
f 1149/1149/1149 1157/1157/1157 1150/1150/1150
f 1150/1150/1150 1157/1157/1157 1151/1151/1151
f 1151/1151/1151 1157/1157/1157 1152/1152/1152
f 1152/1152/1152 1157/1157/1157 1153/1153/1153
f 1153/1153/1153 1157/1157/1157 1154/1154/1154
f 1154/1154/1154 1157/1157/1157 1155/1155/1155
f 1155/1155/1155 1157/1157/1157 1156/1156/1156
